Date,Price,Open,High,Low,Vol.,Change %
03/29/2025,124.110,129.451,130.475,123.557,3880000,-4.15%
03/28/2025,129.488,138.403,139.021,127.840,6240000,-6.45%
03/27/2025,138.416,137.261,140.184,135.757,3930000,0.80%
03/26/2025,137.322,143.550,145.469,135.986,4950000,-4.41%
03/25/2025,143.657,140.777,147.305,138.202,5750000,1.84%
03/24/2025,141.066,132.524,144.930,132.120,7490000,6.22%
03/23/2025,132.804,128.381,134.017,128.242,2740000,3.37%
03/22/2025,128.481,128.619,131.783,127.864,2280000,0.00%
03/21/2025,128.485,127.426,130.093,124.874,3870000,0.73%
03/20/2025,127.558,135.397,135.917,126.736,4210000,-5.76%
03/19/2025,135.361,125.219,136.023,124.245,6670000,7.99%
03/18/2025,125.344,127.990,128.061,121.846,4910000,-2.11%
03/17/2025,128.048,126.148,130.600,125.655,4470000,1.53%
03/16/2025,126.112,136.003,136.621,125.256,4460000,-7.18%
03/15/2025,135.870,133.543,136.509,132.465,2950000,1.83%
03/14/2025,133.424,123.105,135.797,123.090,5900000,8.15%
03/13/2025,123.375,126.487,128.334,120.913,4730000,-2.56%
03/12/2025,126.610,125.620,131.164,121.305,7210000,1.03%
03/11/2025,125.323,118.710,128.321,112.247,10440000,6.04%
03/10/2025,118.187,126.747,131.298,115.683,10630000,-6.55%
03/09/2025,126.464,136.891,139.845,125.717,6020000,-7.68%
03/08/2025,136.989,139.332,141.065,135.347,3050000,-1.68%
03/07/2025,139.329,143.333,150.228,135.315,11180000,-2.78%
03/06/2025,143.306,146.505,152.876,142.473,6860000,-2.05%
03/05/2025,146.305,144.318,149.626,140.385,7660000,1.03%
03/04/2025,144.809,141.441,146.693,131.317,16440000,1.89%
03/03/2025,142.123,178.133,178.133,139.418,17700000,-20.47%
03/02/2025,178.711,143.637,179.039,140.137,20860000,24.35%
03/01/2025,143.717,147.788,150.853,138.594,5970000,-3.00%
02/28/2025,148.161,137.747,148.575,125.641,15030000,7.63%
02/27/2025,137.654,135.399,142.565,134.860,6930000,1.78%
02/26/2025,135.244,144.379,145.095,130.706,9200000,-6.25%
02/25/2025,144.259,142.899,146.934,132.091,18180000,1.70%
02/24/2025,141.848,168.179,169.592,140.131,12220000,-15.53%
02/23/2025,167.920,172.108,173.039,166.471,2180000,-2.42%
02/22/2025,172.087,168.311,174.513,168.158,2870000,1.90%
02/21/2025,168.882,176.155,180.438,167.191,6460000,-4.06%
02/20/2025,176.037,168.948,176.431,167.746,4420000,4.24%
02/19/2025,168.877,169.708,174.196,164.031,5340000,-0.21%
02/18/2025,169.234,177.508,179.014,161.270,9700000,-4.65%
02/17/2025,177.488,188.363,189.535,175.074,6130000,-5.77%
02/16/2025,188.363,194.486,196.023,186.617,2830000,-3.15%
02/15/2025,194.491,199.528,200.216,192.680,2290000,-2.52%
02/14/2025,199.528,194.269,205.162,194.177,5090000,2.69%
02/13/2025,194.306,196.745,198.282,189.112,3490000,-1.24%
02/12/2025,196.745,198.055,198.495,188.923,5390000,-0.66%
02/11/2025,198.045,200.521,206.162,195.250,4920000,-1.23%
02/10/2025,200.521,200.459,208.969,196.066,5110000,0.03%
02/09/2025,200.459,199.485,207.297,193.938,4390000,0.49%
02/08/2025,199.485,192.118,200.767,189.949,2840000,3.84%
02/07/2025,192.111,189.622,203.309,188.223,5470000,1.31%
02/06/2025,189.625,195.777,203.921,187.913,4980000,-3.14%
02/05/2025,195.777,206.717,209.145,195.252,4460000,-5.28%
02/04/2025,206.687,216.249,219.918,202.513,8560000,-4.42%
02/03/2025,216.249,203.350,218.456,177.534,18180000,6.35%
02/02/2025,203.345,213.233,218.545,194.363,10450000,-4.63%
02/01/2025,213.220,231.748,234.139,213.047,3890000,-8.00%
01/31/2025,231.749,238.667,241.698,228.244,4150000,-2.90%
01/30/2025,238.667,227.925,244.537,227.001,4840000,4.70%
01/29/2025,227.948,227.041,237.913,222.721,5670000,0.33%
01/28/2025,227.191,235.068,243.787,225.152,5270000,-3.35%
01/27/2025,235.068,240.654,242.442,221.315,12210000,-2.32%
01/26/2025,240.654,256.091,259.917,240.561,4190000,-6.03%
01/25/2025,256.091,253.339,260.735,246.366,4990000,1.09%
01/24/2025,253.339,253.154,269.905,247.297,7190000,0.07%
01/23/2025,253.154,257.477,258.250,242.274,9270000,-1.69%
01/22/2025,257.517,250.560,271.612,248.616,8840000,2.78%
01/21/2025,250.560,242.098,259.899,230.959,10420000,3.49%
01/20/2025,242.098,252.031,273.042,230.388,22220000,-3.90%
01/19/2025,251.920,261.832,294.816,239.135,32600000,-3.78%
01/18/2025,261.820,219.472,268.479,217.388,26400000,19.30%
01/17/2025,219.472,211.010,221.931,209.939,5970000,4.01%
01/16/2025,211.011,205.841,217.082,198.537,7300000,2.51%
01/15/2025,205.841,187.419,206.014,185.858,5310000,9.83%
01/14/2025,187.419,182.677,190.025,181.885,3580000,2.60%
01/13/2025,182.671,188.474,191.803,171.769,7120000,-3.08%
01/12/2025,188.474,188.048,190.941,185.200,1770000,0.22%
01/11/2025,188.053,187.645,191.712,184.074,2990000,0.22%
01/10/2025,187.645,185.022,192.840,183.700,4690000,1.42%
01/09/2025,185.022,197.620,198.977,182.096,4690000,-6.37%
01/08/2025,197.606,202.229,203.149,188.551,5880000,-2.29%
01/07/2025,202.235,218.236,219.066,202.057,5070000,-7.33%
01/06/2025,218.234,213.281,223.097,211.572,3920000,2.32%
01/05/2025,213.282,216.651,218.987,211.665,2890000,-1.55%
01/04/2025,216.644,217.967,218.060,213.604,2680000,-0.61%
01/03/2025,217.967,208.178,219.727,205.633,4440000,4.70%
01/02/2025,208.186,194.157,210.081,193.467,4690000,7.23%
01/01/2025,194.157,189.501,195.150,187.918,2800000,2.47%
12/31/2024,189.485,191.295,199.111,188.028,3850000,-0.96%
12/30/2024,191.330,189.892,196.349,185.982,3680000,0.76%
12/29/2024,189.892,195.393,197.501,188.557,2470000,-2.79%
12/28/2024,195.350,184.121,195.822,183.906,2430000,6.10%
12/27/2024,184.121,188.442,194.174,182.886,2980000,-2.30%
12/26/2024,188.448,197.447,199.617,186.632,3110000,-4.56%
12/25/2024,197.447,197.009,201.812,195.183,2810000,0.23%
12/24/2024,196.997,189.989,198.932,186.149,3810000,3.69%
12/23/2024,189.989,180.482,193.372,176.685,5880000,5.27%
12/22/2024,180.482,181.175,187.805,177.097,4820000,-0.37%
12/21/2024,181.146,194.450,201.937,178.651,7030000,-6.83%
12/20/2024,194.436,193.829,199.508,175.989,13020000,0.31%
12/19/2024,193.835,206.745,212.065,187.365,10130000,-6.24%
12/18/2024,206.745,223.104,225.911,204.953,7350000,-7.21%
12/17/2024,222.810,216.172,228.835,211.619,6990000,3.07%
12/16/2024,216.172,224.143,227.121,213.463,5310000,-3.41%
12/15/2024,223.797,219.874,225.283,215.765,3140000,1.78%
12/14/2024,219.877,224.890,227.492,215.231,3050000,-2.24%
12/13/2024,224.910,226.925,228.366,220.629,4300000,-0.89%
12/12/2024,226.925,227.387,234.576,225.786,4930000,-0.21%
12/11/2024,227.408,213.669,230.500,211.628,6360000,6.42%
12/10/2024,213.680,217.006,220.614,203.448,9680000,-1.54%
12/09/2024,217.012,237.097,237.137,207.170,9410000,-8.47%
12/08/2024,237.097,238.195,241.497,233.395,3070000,-0.54%
12/07/2024,238.379,236.799,243.161,234.235,4050000,0.67%
12/06/2024,236.799,236.185,246.912,231.130,6840000,0.24%
12/05/2024,236.242,229.198,244.682,223.071,10050000,3.07%
12/04/2024,229.216,233.980,240.702,224.750,7070000,-2.04%
12/03/2024,233.980,225.794,239.390,215.205,9160000,3.63%
12/02/2024,225.794,236.833,238.028,220.155,8189999,-4.64%
12/01/2024,236.775,237.603,239.810,234.191,3390000,-0.35%
11/30/2024,237.600,243.285,245.278,237.574,3140000,-2.34%
11/29/2024,243.285,237.589,246.726,236.673,3930000,2.40%
11/28/2024,237.594,241.955,245.262,232.959,3510000,-1.81%
11/27/2024,241.983,230.745,243.351,227.668,5090000,4.87%
11/26/2024,230.745,234.061,239.672,222.492,6570000,-1.42%
11/25/2024,234.073,252.800,256.502,231.262,6490000,-7.41%
11/24/2024,252.800,254.920,259.706,241.600,4750000,-0.83%
11/23/2024,254.913,256.656,263.966,252.829,6040000,-0.65%
11/22/2024,256.576,256.552,264.248,251.654,6720000,0.00%
11/21/2024,256.587,235.513,259.316,230.038,11100000,8.95%
11/20/2024,235.513,237.588,242.146,230.677,6920000,-0.88%
11/19/2024,237.593,239.779,247.460,233.782,6970000,-0.91%
11/18/2024,239.769,237.471,248.366,234.077,9260000,0.97%
11/17/2024,237.467,215.668,241.875,212.258,10500000,10.11%
11/16/2024,215.662,218.441,221.891,213.629,5410000,-1.27%
11/15/2024,218.439,209.490,220.185,204.615,6810000,4.27%
11/14/2024,209.490,215.179,222.788,207.109,9410000,-2.65%
11/13/2024,215.187,211.579,220.398,201.034,13500000,1.71%
11/12/2024,211.579,222.141,225.081,205.145,11400000,-4.75%
11/11/2024,222.141,210.053,224.022,204.309,11290000,5.75%
11/10/2024,210.053,199.926,215.152,198.738,10260000,5.07%
11/09/2024,199.920,199.845,203.384,195.090,4080000,0.04%
11/08/2024,199.844,196.235,204.862,195.709,6910000,1.84%
11/07/2024,196.233,186.620,197.805,186.007,5940000,5.15%
11/06/2024,186.627,166.622,189.943,166.551,13310000,12.00%
11/05/2024,166.624,157.958,169.245,156.956,4600000,5.49%
11/04/2024,157.953,162.490,164.959,155.188,4019999,-2.79%
11/03/2024,162.483,166.082,166.544,158.004,3800000,-2.17%
11/02/2024,166.082,166.149,168.560,162.228,2290000,-0.05%
11/01/2024,166.165,168.763,173.945,163.796,4540000,-1.53%
10/31/2024,168.754,174.910,176.473,167.636,3680000,-3.52%
10/30/2024,174.918,179.431,181.271,173.227,3970000,-2.51%
10/29/2024,179.425,178.197,183.272,176.441,5580000,0.69%
10/28/2024,178.199,176.698,179.547,172.640,5140000,0.85%
10/27/2024,176.701,170.799,178.214,170.282,3500000,3.46%
10/26/2024,170.798,165.108,173.189,162.520,4030000,3.45%
10/25/2024,165.098,177.156,177.409,160.134,7340000,-6.81%
10/24/2024,177.159,170.927,179.130,170.532,5250000,3.65%
10/23/2024,170.927,167.419,174.160,164.219,5880000,2.13%
10/22/2024,167.364,166.140,170.953,163.117,5340000,0.74%
10/21/2024,166.142,167.351,171.464,161.602,6300000,-0.72%
10/20/2024,167.338,159.683,167.861,157.613,4120000,4.79%
10/19/2024,159.683,154.914,159.766,153.845,2510000,3.08%
10/18/2024,154.913,150.503,156.613,149.678,2780000,2.93%
10/17/2024,150.503,154.275,155.648,147.796,3790000,-2.44%
10/16/2024,154.275,154.774,158.225,153.042,4010000,-0.32%
10/15/2024,154.774,157.536,159.441,150.464,5960000,-1.75%
10/14/2024,157.536,147.680,157.977,146.868,5390000,6.67%
10/13/2024,147.682,146.390,148.742,144.572,2370000,0.87%
10/12/2024,146.404,145.453,147.219,144.695,2100000,0.66%
10/11/2024,145.449,139.029,146.454,138.732,3490000,4.61%
10/10/2024,139.038,139.308,140.798,136.112,3300000,-0.19%
10/09/2024,139.308,143.488,145.289,138.795,3200000,-2.93%
10/08/2024,143.516,143.930,145.548,141.213,3080000,-0.29%
10/07/2024,143.932,146.483,152.215,143.573,4940000,-1.74%
10/06/2024,146.488,142.592,146.694,142.014,2130000,2.72%
10/05/2024,142.604,143.151,144.873,141.086,2170000,-0.39%
10/04/2024,143.161,136.844,144.479,135.985,4390000,4.62%
10/03/2024,136.835,140.236,142.904,133.380,5270000,-2.42%
10/02/2024,140.236,145.251,148.901,138.687,5440000,-3.46%
10/01/2024,145.261,152.621,157.290,142.708,7030000,-4.83%
09/30/2024,152.630,158.471,159.710,151.908,4230000,-3.69%
09/29/2024,158.479,156.710,161.705,155.150,3290000,1.13%
09/28/2024,156.710,157.647,159.396,155.152,2360000,-0.59%
09/27/2024,157.647,155.549,160.986,154.017,4990000,1.35%
09/26/2024,155.548,147.999,157.981,146.590,5590000,5.10%
09/25/2024,147.999,152.666,153.758,147.366,3810000,-3.07%
09/24/2024,152.684,144.714,153.921,143.291,5540000,5.51%
09/23/2024,144.713,144.687,148.985,142.203,4470000,-0.01%
09/22/2024,144.732,149.419,149.870,141.285,3050000,-3.13%
09/21/2024,149.414,146.699,149.797,144.669,2700000,1.85%
09/20/2024,146.699,142.872,152.125,141.234,5960000,2.68%
09/19/2024,142.874,134.327,143.908,134.327,6040000,6.36%
09/18/2024,134.327,131.540,134.327,127.196,4700000,2.12%
09/17/2024,131.540,131.405,135.500,130.359,3430000,0.10%
09/16/2024,131.405,131.419,132.310,129.068,3140000,-0.02%
09/15/2024,131.425,137.157,137.916,130.801,2760000,-4.18%
09/14/2024,137.158,139.069,139.755,135.730,2140000,-1.37%
09/13/2024,139.069,136.038,139.744,131.812,3850000,2.23%
09/12/2024,136.038,132.404,136.659,132.394,3470000,2.75%
09/11/2024,132.404,135.619,135.875,128.347,4310000,-2.36%
09/10/2024,135.604,135.050,137.863,132.573,3380000,0.41%
09/09/2024,135.048,130.127,136.853,127.102,5010000,3.81%
09/08/2024,130.092,127.729,131.538,126.654,2830000,1.85%
09/07/2024,127.733,125.042,129.334,124.227,2930000,2.16%
09/06/2024,125.031,129.462,134.215,120.927,7680000,-3.42%
09/05/2024,129.462,133.652,135.300,127.960,3910000,-3.13%
09/04/2024,133.652,127.505,134.826,122.836,5710000,4.86%
09/03/2024,127.457,134.949,137.234,127.314,3820000,-5.55%
09/02/2024,134.948,128.565,135.377,127.149,4440000,4.96%
09/01/2024,128.572,135.342,136.031,127.870,4270000,-5.00%
08/31/2024,135.342,137.980,139.183,134.545,1920000,-1.91%
08/30/2024,137.975,140.025,141.067,132.328,5440000,-1.46%
08/29/2024,140.025,143.928,147.310,138.186,4099999,-2.71%
08/28/2024,143.928,146.923,148.709,140.658,5650000,-2.04%
08/27/2024,146.921,157.137,159.544,145.275,5100000,-6.50%
08/26/2024,157.136,159.057,161.878,155.594,4460000,-1.22%
08/25/2024,159.083,160.667,161.951,155.331,3560000,-0.99%
08/24/2024,160.667,153.150,162.146,152.014,5210000,4.91%
08/23/2024,153.150,143.214,153.757,142.743,5260000,6.95%
08/22/2024,143.194,142.719,144.780,140.820,2730000,0.33%
08/21/2024,142.726,142.287,144.328,139.003,3810000,0.30%
08/20/2024,142.295,144.308,148.629,141.173,4350000,-1.39%
08/19/2024,144.304,142.406,145.548,140.390,3980000,1.32%
08/18/2024,142.420,141.932,146.997,140.759,3830000,0.36%
08/17/2024,141.914,139.044,141.941,137.664,2340000,2.06%
08/16/2024,139.044,142.491,144.836,136.226,5550000,-2.41%
08/15/2024,142.479,143.763,147.433,138.086,6050000,-0.89%
08/14/2024,143.765,146.668,151.866,142.582,5480000,-1.98%
08/13/2024,146.663,146.321,149.722,143.011,4040000,0.23%
08/12/2024,146.321,141.455,150.688,141.419,6770000,3.45%
08/11/2024,141.440,154.018,157.798,141.243,4840000,-8.17%
08/10/2024,154.016,156.247,158.452,152.716,2910000,-1.43%
08/09/2024,156.247,162.990,163.485,151.041,6310000,-4.10%
08/08/2024,162.920,144.623,163.291,141.490,10700000,12.81%
08/07/2024,144.422,144.429,154.964,142.476,11670000,0.03%
08/06/2024,144.385,129.702,149.307,129.529,11680000,11.32%
08/05/2024,129.702,138.288,139.091,110.155,34180000,-6.13%
08/04/2024,138.174,142.442,146.004,131.836,9600000,-3.00%
08/03/2024,142.442,152.837,153.893,140.109,7400000,-6.80%
08/02/2024,152.837,167.480,169.337,150.067,8070000,-8.76%
08/01/2024,167.504,171.678,172.776,158.034,8050000,-2.43%
07/31/2024,171.678,179.084,184.270,171.678,4870000,-4.12%
07/30/2024,179.061,182.550,184.683,175.628,4550000,-1.94%
07/29/2024,182.606,184.906,193.890,181.681,5720000,-1.24%
07/28/2024,184.904,183.818,186.579,181.303,2790000,0.59%
07/27/2024,183.818,183.058,188.137,178.149,4980000,0.42%
07/26/2024,183.058,171.842,183.506,171.842,4410000,6.53%
07/25/2024,171.837,178.142,179.549,165.693,6740000,-3.51%
07/24/2024,178.082,173.003,182.383,171.035,5050000,2.94%
07/23/2024,173.000,178.961,180.495,170.868,5130000,-3.33%
07/22/2024,178.958,184.414,184.860,176.837,4470000,-2.96%
07/21/2024,184.414,173.614,184.959,170.733,5010000,6.22%
07/20/2024,173.607,169.155,174.965,167.361,3060000,2.63%
07/19/2024,169.153,159.214,171.244,156.287,6560000,6.25%
07/18/2024,159.209,155.477,161.546,155.304,3630000,2.50%
07/17/2024,155.325,160.620,163.602,154.712,4099999,-3.24%
07/16/2024,160.527,159.614,162.444,152.744,5540000,0.57%
07/15/2024,159.616,147.694,159.933,147.053,4940000,8.08%
07/14/2024,147.687,141.884,148.536,141.884,4190000,4.09%
07/13/2024,141.884,139.497,143.508,137.991,2200000,1.71%
07/12/2024,139.497,135.734,140.504,134.091,4190000,2.74%
07/11/2024,135.776,142.082,145.511,135.735,4780000,-4.43%
07/10/2024,142.077,141.368,145.963,138.669,3850000,0.50%
07/09/2024,141.368,139.713,144.039,136.548,4780000,1.16%
07/08/2024,139.747,131.492,141.723,128.120,7880000,6.30%
07/07/2024,131.462,143.101,143.288,131.355,3760000,-8.16%
07/06/2024,143.147,134.306,144.084,132.452,4110000,6.58%
07/05/2024,134.309,127.674,136.137,121.261,10680000,5.20%
07/04/2024,127.674,140.774,142.676,127.292,7370000,-9.29%
07/03/2024,140.744,153.905,154.439,139.490,6140000,-8.55%
07/02/2024,153.909,146.671,154.946,146.142,4070000,4.94%
07/01/2024,146.669,146.553,149.088,145.871,3680000,0.07%
06/30/2024,146.560,140.189,147.427,137.177,3350000,4.55%
06/29/2024,140.185,139.961,143.008,139.713,2680000,0.18%
06/28/2024,139.930,149.713,150.387,139.015,5030000,-6.53%
06/27/2024,149.703,136.793,150.960,135.224,6310000,9.43%
06/26/2024,136.796,136.573,140.325,134.910,3630000,0.16%
06/25/2024,136.573,132.326,139.822,131.208,6080000,3.25%
06/24/2024,132.275,128.638,132.546,123.337,8620000,2.82%
06/23/2024,128.644,133.692,135.071,128.219,2440000,-3.77%
06/22/2024,133.689,134.529,136.625,133.101,1970000,-0.63%
06/21/2024,134.536,133.527,135.309,128.772,4770000,0.76%
06/20/2024,133.527,135.652,141.118,131.977,5020000,-1.56%
06/19/2024,135.646,137.394,141.771,134.658,4660000,-1.26%
06/18/2024,137.376,143.225,143.750,129.144,9040000,-4.08%
06/17/2024,143.225,151.265,151.731,139.984,4560000,-5.31%
06/16/2024,151.256,145.505,151.256,143.095,2049999,3.96%
06/15/2024,145.500,143.056,145.687,142.962,1940000,1.71%
06/14/2024,143.050,147.242,148.939,139.857,4570000,-2.85%
06/13/2024,147.250,155.229,155.237,146.046,3730000,-5.15%
06/12/2024,155.237,149.351,161.663,145.513,5580000,3.94%
06/11/2024,149.351,159.048,159.644,145.666,5570000,-6.10%
06/10/2024,159.049,162.129,163.123,157.623,2590000,-1.90%
06/09/2024,162.136,157.818,163.014,156.625,2180000,2.73%
06/08/2024,157.829,162.504,163.716,157.403,2690000,-2.88%
06/07/2024,162.504,170.114,172.583,155.049,5110000,-4.47%
06/06/2024,170.106,173.491,174.371,167.754,3070000,-1.95%
06/05/2024,173.491,171.784,175.565,171.207,3800000,1.00%
06/04/2024,171.778,164.898,171.859,164.446,3290000,4.13%
06/03/2024,164.958,163.243,167.095,161.793,3570000,1.05%
06/02/2024,163.241,166.116,167.055,161.415,2610000,-1.73%
06/01/2024,166.116,165.580,167.857,165.580,1650000,0.32%
05/31/2024,165.580,166.847,170.821,164.024,3820000,-0.79%
05/30/2024,166.895,168.276,172.361,163.638,4860000,-0.83%
05/29/2024,168.291,168.695,173.765,167.307,4600000,-0.24%
05/28/2024,168.694,170.132,173.139,165.068,5320000,-0.84%
05/27/2024,170.124,163.356,172.203,163.356,4170000,4.14%
05/26/2024,163.354,168.379,168.388,161.180,4300000,-2.99%
05/25/2024,168.385,167.775,170.406,166.077,3030000,0.36%
05/24/2024,167.785,176.040,176.077,162.703,6890000,-4.69%
05/23/2024,176.040,176.955,180.710,167.284,8440000,-0.56%
05/22/2024,177.027,178.179,183.244,175.100,5950000,-0.65%
05/21/2024,178.179,186.752,188.752,174.507,7580000,-4.61%
05/20/2024,186.788,169.932,188.229,167.848,6980000,9.92%
05/19/2024,169.936,172.441,175.372,166.432,3450000,-1.45%
05/18/2024,172.441,169.439,175.983,168.742,3860000,1.77%
05/17/2024,169.441,159.320,171.959,159.301,5470000,6.36%
05/16/2024,159.306,158.285,164.395,156.778,6090000,0.65%
05/15/2024,158.285,142.021,158.730,141.362,6790000,11.45%
05/14/2024,142.023,147.395,148.949,141.927,4730000,-3.66%
05/13/2024,147.411,143.417,150.564,138.008,5920000,2.78%
05/12/2024,143.417,145.389,147.731,142.893,1920000,-1.36%
05/11/2024,145.391,146.032,147.551,143.254,3060000,-0.44%
05/10/2024,146.032,152.814,155.560,144.769,5900000,-4.43%
05/09/2024,152.795,142.169,153.202,140.643,5300000,7.45%
05/08/2024,142.206,148.057,149.925,140.046,6000000,-3.96%
05/07/2024,148.062,152.825,159.087,147.994,5930000,-3.12%
05/06/2024,152.825,145.692,156.586,145.481,6190000,4.90%
05/05/2024,145.692,146.056,147.966,143.255,3240000,-0.25%
05/04/2024,146.057,143.650,147.803,142.376,4000000,1.68%
05/03/2024,143.639,137.645,144.897,136.019,6310000,4.35%
05/02/2024,137.648,134.642,140.670,128.284,7710000,2.23%
05/01/2024,134.643,126.737,135.697,119.180,11140000,6.24%
04/30/2024,126.740,137.718,139.687,121.528,8600000,-7.95%
04/29/2024,137.686,137.973,138.890,133.513,5850000,-0.15%
04/28/2024,137.895,141.306,144.586,137.178,4139999,-2.41%
04/27/2024,141.306,139.104,142.952,133.850,5500000,1.58%
04/26/2024,139.104,144.803,146.034,138.885,5250000,-3.94%
04/25/2024,144.808,147.739,149.438,142.245,7350000,-1.98%
04/24/2024,147.739,154.742,159.748,145.734,8560000,-4.53%
04/23/2024,154.743,156.978,159.976,153.141,5730000,-1.42%
04/22/2024,156.979,148.794,158.372,146.867,6920000,5.51%
04/21/2024,148.785,151.150,153.334,146.915,5120000,-1.56%
04/20/2024,151.138,142.362,152.226,139.718,6720000,6.17%
04/19/2024,142.362,142.076,147.425,128.627,15070000,0.23%
04/18/2024,142.037,131.892,143.720,128.002,10570000,7.67%
04/17/2024,131.919,136.227,142.648,127.087,13420000,-3.16%
04/16/2024,136.227,138.535,140.403,126.639,15130000,-1.64%
04/15/2024,138.499,151.416,155.920,133.876,16129999,-8.53%
04/14/2024,151.412,138.641,152.499,130.816,21550000,9.21%
04/13/2024,138.641,153.255,154.838,119.471,26820000,-9.55%
04/12/2024,153.281,172.374,175.891,142.597,11540000,-11.11%
04/11/2024,172.432,173.313,176.257,170.184,6300000,-0.52%
04/10/2024,173.329,172.389,175.431,163.229,7870000,0.54%
04/09/2024,172.390,180.691,180.853,169.362,6290000,-4.59%
04/08/2024,180.691,179.527,184.501,175.498,5280000,0.64%
04/07/2024,179.541,178.698,182.620,176.961,3530000,0.47%
04/06/2024,178.703,174.370,179.699,173.604,3910000,2.49%
04/05/2024,174.368,184.007,185.025,168.038,6980000,-5.23%
04/04/2024,183.999,185.090,190.099,180.251,5300000,-0.58%
04/03/2024,185.076,181.428,191.625,177.085,6610000,2.00%
04/02/2024,181.446,192.228,192.228,175.973,8150000,-5.61%
04/01/2024,192.224,202.510,204.194,187.311,6500000,-5.08%
03/31/2024,202.510,194.211,203.075,193.747,3840000,4.27%
03/30/2024,194.221,192.105,199.812,190.938,4940000,1.10%
03/29/2024,192.107,189.473,192.949,183.558,5150000,1.39%
03/28/2024,189.482,186.230,190.838,180.923,5210000,1.77%
03/27/2024,186.180,190.460,192.546,180.341,7230000,-2.25%
03/26/2024,190.465,188.977,196.509,186.378,6330000,0.79%
03/25/2024,188.979,183.692,194.458,181.085,7350000,2.89%
03/24/2024,183.676,172.641,186.564,171.392,5040000,6.39%
03/23/2024,172.641,175.077,178.755,170.502,5040000,-1.40%
03/22/2024,175.087,179.403,181.643,167.718,8199999,-2.41%
03/21/2024,179.417,191.772,195.408,175.909,10330000,-6.50%
03/20/2024,191.897,169.890,193.103,162.719,16469999,12.95%
03/19/2024,169.894,195.847,198.548,166.249,21790000,-13.26%
03/18/2024,195.866,201.814,209.917,194.427,14860000,-2.95%
03/17/2024,201.830,182.071,204.396,178.884,13620000,10.85%
03/16/2024,182.079,183.854,197.783,177.242,17080000,-0.68%
03/15/2024,183.334,176.523,188.803,165.177,23170000,3.86%
03/14/2024,176.523,163.914,177.989,159.632,14170000,7.70%
03/13/2024,163.907,151.053,166.580,148.824,10570000,8.51%
03/12/2024,151.054,148.803,154.890,141.877,12210000,1.52%
03/11/2024,148.791,144.413,150.070,136.848,10640000,3.04%
03/10/2024,144.407,144.279,148.515,140.599,6320000,0.12%
03/09/2024,144.238,144.765,149.122,143.799,5650000,-0.35%
03/08/2024,144.748,143.863,152.672,142.149,10230000,0.60%
03/07/2024,143.888,130.733,149.033,130.676,13990000,10.06%
03/06/2024,130.734,125.365,134.886,120.184,11350000,4.38%
03/05/2024,125.249,132.896,142.507,111.792,20500000,-5.75%
03/04/2024,132.896,130.213,134.933,127.540,9690000,2.05%
03/03/2024,130.220,130.078,132.076,124.848,6200000,0.11%
03/02/2024,130.078,129.914,131.620,127.399,5710000,0.13%
03/01/2024,129.914,125.621,137.554,125.602,10160000,3.44%
02/29/2024,125.588,118.878,134.492,117.433,16950000,5.65%
02/28/2024,118.877,108.400,118.877,107.284,14270000,9.67%
02/27/2024,108.398,109.856,112.200,105.667,7720000,-1.32%
02/26/2024,109.851,103.469,110.693,100.352,6790000,6.16%
02/25/2024,103.475,104.012,104.405,102.081,2450000,-0.52%
02/24/2024,104.012,99.828,104.691,98.507,2960000,4.19%
02/23/2024,99.827,101.751,103.084,98.786,4410000,-1.91%
02/22/2024,101.774,105.064,107.045,101.524,4960000,-3.13%
02/21/2024,105.059,108.325,108.341,100.267,6180000,-2.99%
02/20/2024,108.292,111.465,112.092,104.863,7170000,-2.85%
02/19/2024,111.465,112.214,114.772,111.011,4680000,-0.66%
02/18/2024,112.206,108.912,114.033,107.535,3720000,3.02%
02/17/2024,108.913,110.341,111.057,105.826,3480000,-1.29%
02/16/2024,110.341,113.543,114.253,108.211,4920000,-2.83%
02/15/2024,113.555,116.967,118.340,111.556,6180000,-2.91%
02/14/2024,116.959,112.502,118.649,110.714,6180000,3.96%
02/13/2024,112.502,111.803,114.860,108.414,7120000,0.62%
02/12/2024,111.803,107.445,112.211,103.525,7550000,4.06%
02/11/2024,107.439,109.031,110.625,107.289,3520000,-1.46%
02/10/2024,109.032,106.935,110.858,106.914,5030000,1.99%
02/09/2024,106.909,102.771,108.815,102.763,8230000,4.04%
02/08/2024,102.760,101.059,104.912,100.562,7170000,1.68%
02/07/2024,101.058,96.848,101.409,94.755,5760000,4.34%
02/06/2024,96.850,95.626,97.858,93.314,5530000,1.28%
02/05/2024,95.624,95.442,98.633,94.193,4800000,0.20%
02/04/2024,95.435,97.940,98.528,95.106,3540000,-2.56%
02/03/2024,97.940,100.546,101.165,96.709,3640000,-2.59%
02/02/2024,100.542,97.803,102.495,97.452,6940000,2.80%
02/01/2024,97.803,97.040,98.015,93.143,8650000,0.78%
01/31/2024,97.043,101.373,102.581,96.090,10670000,-4.28%
01/30/2024,101.377,101.617,106.318,101.033,8760000,-0.23%
01/29/2024,101.613,95.982,101.880,95.103,7240000,5.87%
01/28/2024,95.982,94.266,99.420,93.422,6860000,1.89%
01/27/2024,94.201,92.272,94.481,90.720,3540000,2.16%
01/26/2024,92.209,86.877,93.662,86.100,6020000,6.13%
01/25/2024,86.880,88.771,89.585,85.173,5120000,-2.13%
01/24/2024,88.769,84.296,89.305,83.315,7350000,5.30%
01/23/2024,84.303,83.841,85.924,79.009,10070000,0.57%
01/22/2024,83.829,91.053,91.867,82.350,8670000,-7.94%
01/21/2024,91.055,92.756,93.892,90.830,2410000,-1.83%
01/20/2024,92.756,93.649,94.230,90.268,3320000,-0.96%
01/19/2024,93.655,94.354,95.309,87.055,7770000,-0.74%
01/18/2024,94.352,102.078,103.424,91.679,7740000,-7.56%
01/17/2024,102.070,97.598,102.691,96.884,8700000,4.57%
01/16/2024,97.607,94.358,98.682,94.189,4570000,3.40%
01/15/2024,94.398,93.900,96.870,93.166,4490000,0.58%
01/14/2024,93.855,95.781,103.110,93.767,7680000,-2.00%
01/13/2024,95.774,92.058,97.039,89.590,5220000,4.06%
01/12/2024,92.039,99.862,100.427,87.660,7950000,-7.83%
01/11/2024,99.862,102.050,107.040,97.780,11410000,-2.12%
01/10/2024,102.024,99.370,105.323,92.350,10770000,2.67%
01/09/2024,99.370,97.899,103.898,95.484,10420000,1.54%
01/08/2024,97.860,89.347,99.910,85.331,12280000,9.55%
01/07/2024,89.328,93.728,96.713,87.928,6840000,-4.69%
01/06/2024,93.728,99.930,100.227,91.618,6180000,-6.21%
01/05/2024,99.930,104.876,105.301,95.605,8010000,-4.72%
01/04/2024,104.876,98.536,108.042,96.776,8730000,6.43%
01/03/2024,98.536,106.720,109.887,86.141,15160000,-7.67%
01/02/2024,106.720,109.728,116.920,106.052,9660000,-2.65%
01/01/2024,109.628,101.590,109.668,101.558,5570000,7.91%
12/31/2023,101.590,101.808,105.151,99.597,4840000,-0.21%
12/30/2023,101.808,106.166,107.360,100.862,4930000,-4.11%
12/29/2023,106.166,101.845,109.726,99.632,11740000,4.24%
12/28/2023,101.845,106.766,109.442,97.302,12920000,-4.62%
12/27/2023,106.782,112.603,115.232,105.099,11250000,-5.17%
12/26/2023,112.603,120.761,121.291,103.265,15420000,-6.76%
12/25/2023,120.761,112.514,125.506,108.164,13740000,7.37%
12/24/2023,112.471,107.948,117.912,107.504,15820000,4.19%
12/23/2023,107.948,97.964,109.638,92.869,10510000,10.18%
12/22/2023,97.972,93.908,99.342,90.659,15050000,4.31%
12/21/2023,93.920,82.164,95.465,81.187,15310000,14.31%
12/20/2023,82.164,73.068,83.992,72.986,13600000,12.43%
12/19/2023,73.078,74.418,76.352,71.833,7640000,-1.77%
12/18/2023,74.394,70.799,75.380,67.130,9170000,5.17%
12/17/2023,70.737,73.733,74.914,70.594,6500000,-4.05%
12/16/2023,73.724,72.503,77.191,71.279,7210000,1.62%
12/15/2023,72.545,75.686,79.454,72.214,11170000,-4.15%
12/14/2023,75.686,70.596,76.186,69.682,9450000,7.21%
12/13/2023,70.598,68.550,72.457,64.058,10300000,2.99%
12/12/2023,68.550,70.297,72.388,65.962,9920000,-2.48%
12/11/2023,70.297,74.871,74.919,65.783,15880000,-5.96%
12/10/2023,74.750,72.317,74.839,70.734,7650000,3.36%
12/09/2023,72.319,74.896,77.550,71.848,11330000,-3.44%
12/08/2023,74.896,67.798,75.242,67.798,14150000,10.48%
12/07/2023,67.791,61.898,69.322,61.677,13530000,9.53%
12/06/2023,61.896,60.959,66.631,60.959,13830000,1.54%
12/05/2023,60.959,61.575,62.548,59.153,7720000,-1.00%
12/04/2023,61.572,62.988,65.243,60.081,10400000,-2.25%
12/03/2023,62.988,63.795,65.419,62.329,6520000,-1.28%
12/02/2023,63.807,59.756,63.898,59.674,6290000,6.78%
12/01/2023,59.754,59.199,61.846,58.614,6660000,0.94%
11/30/2023,59.199,59.292,61.646,58.858,5670000,-0.16%
11/29/2023,59.294,58.184,61.706,57.766,9660000,1.89%
11/28/2023,58.192,55.055,58.634,53.978,7110000,5.69%
11/27/2023,55.060,57.559,58.040,53.590,6160000,-4.34%
11/26/2023,57.559,58.809,59.007,56.260,4240000,-2.13%
11/25/2023,58.809,56.870,59.715,55.895,5310000,3.42%
11/24/2023,56.863,56.412,58.712,56.242,5280000,0.80%
11/23/2023,56.412,57.538,59.506,56.192,6230000,-1.86%
11/22/2023,57.482,51.691,58.825,51.650,9830000,11.20%
11/21/2023,51.691,56.574,57.316,51.401,12950000,-8.63%
11/20/2023,56.574,61.087,61.199,56.234,8920000,-7.43%
11/19/2023,61.114,58.566,62.011,56.724,9090000,4.38%
11/18/2023,58.552,58.497,59.313,54.856,9190000,0.09%
11/17/2023,58.497,57.823,60.442,54.205,14710000,1.18%
11/16/2023,57.815,65.527,68.076,56.552,18330000,-11.81%
11/15/2023,65.555,56.820,67.030,56.234,16379999,15.37%
11/14/2023,56.820,51.639,57.751,51.603,15400000,9.98%
11/13/2023,51.662,56.350,59.800,51.635,14450000,-8.32%
11/12/2023,56.350,56.375,61.823,54.617,13540000,-0.01%
11/11/2023,56.354,56.677,63.576,53.636,18650000,-0.57%
11/10/2023,56.677,45.305,57.442,45.095,19270000,25.02%
11/09/2023,45.335,43.132,48.777,42.529,16800000,5.12%
11/08/2023,43.127,42.946,43.866,42.295,6000000,0.42%
11/07/2023,42.946,42.171,44.442,40.236,12270000,1.80%
11/06/2023,42.187,41.157,42.190,39.687,7070000,2.51%
11/05/2023,41.154,42.426,42.826,40.297,5780000,-2.99%
11/04/2023,42.424,39.454,42.675,39.032,9180000,7.53%
11/03/2023,39.452,40.246,40.250,38.072,12860000,-1.97%
11/02/2023,40.246,41.113,44.501,38.762,18190000,-2.11%
11/01/2023,41.113,38.401,46.479,37.926,25100000,7.07%
10/31/2023,38.398,34.942,38.561,34.862,12760000,9.89%
10/30/2023,34.942,32.830,35.199,32.385,9620000,6.51%
10/29/2023,32.805,31.632,33.142,31.312,4670000,3.71%
10/28/2023,31.632,31.724,32.500,31.413,3130000,-0.29%
10/27/2023,31.724,32.780,33.305,31.456,7870000,-3.22%
10/26/2023,32.780,32.448,33.242,30.777,9530000,1.04%
10/25/2023,32.444,30.160,33.841,30.038,13170000,7.57%
10/24/2023,30.160,31.922,32.552,29.592,13770000,-5.52%
10/23/2023,31.922,29.051,32.709,28.770,15070000,9.89%
10/22/2023,29.049,29.325,29.992,28.123,6550000,-1.00%
10/21/2023,29.343,27.020,30.165,26.665,11470000,8.60%
10/20/2023,27.020,24.927,27.350,24.732,9710000,8.33%
10/19/2023,24.942,23.420,25.434,23.181,7600000,6.51%
10/18/2023,23.417,23.934,24.360,23.380,3990000,-2.16%
10/17/2023,23.934,23.954,24.520,23.579,5520000,-0.08%
10/16/2023,23.952,21.914,24.583,21.900,8670000,9.30%
10/15/2023,21.914,22.000,22.152,21.670,1820000,-0.35%
10/14/2023,21.990,21.838,22.220,21.808,1550000,0.69%
10/13/2023,21.840,21.299,22.175,21.120,2970000,2.54%
10/12/2023,21.299,22.008,22.032,21.032,3400000,-3.26%
10/11/2023,22.015,22.098,22.416,21.630,3550000,-0.38%
10/10/2023,22.098,22.100,22.459,21.703,2810000,0.01%
10/09/2023,22.097,23.222,23.370,21.782,4870000,-4.85%
10/08/2023,23.224,23.301,23.613,23.101,2210000,-0.34%
10/07/2023,23.303,23.701,23.824,23.091,3430000,-0.77%
10/06/2023,23.483,22.670,23.731,22.670,5050000,3.59%
10/05/2023,22.670,23.140,23.730,22.592,4050000,-2.03%
10/04/2023,23.140,23.608,23.776,22.665,4830000,-1.98%
10/03/2023,23.608,23.360,24.697,23.268,7030000,1.06%
10/02/2023,23.360,23.887,24.671,22.930,8000000,-2.19%
10/01/2023,23.883,21.364,24.433,21.138,7770000,11.79%
09/30/2023,21.364,20.280,21.762,20.100,4410000,5.34%
09/29/2023,20.280,19.960,20.424,19.853,3290000,1.60%
09/28/2023,19.960,19.127,19.976,19.105,3970000,4.35%
09/27/2023,19.127,19.026,19.460,18.762,3390000,0.53%
09/26/2023,19.026,19.398,19.520,18.868,2500000,-1.92%
09/25/2023,19.398,19.362,19.736,19.140,2240000,0.20%
09/24/2023,19.358,19.488,19.654,19.278,1330000,-0.66%
09/23/2023,19.488,19.428,19.563,19.290,1170000,0.31%
09/22/2023,19.428,19.463,19.780,19.172,2360000,-0.18%
09/21/2023,19.463,20.292,20.292,19.313,4019999,-4.11%
09/20/2023,20.297,20.030,20.508,19.818,3430000,1.33%
09/19/2023,20.030,19.650,20.362,19.582,3760000,1.95%
09/18/2023,19.648,18.822,20.122,18.613,4870000,4.39%
09/17/2023,18.822,19.130,19.132,18.682,1310000,-1.61%
09/16/2023,19.130,19.143,19.421,18.885,1830000,-0.05%
09/15/2023,19.140,18.852,19.433,18.567,2910000,1.54%
09/14/2023,18.850,18.398,19.300,18.398,5380000,2.46%
09/13/2023,18.398,17.912,18.520,17.708,5120000,2.72%
09/12/2023,17.910,17.738,18.690,17.570,5940000,0.98%
09/11/2023,17.736,18.238,18.438,17.396,6020000,-2.71%
09/10/2023,18.230,19.432,19.440,17.850,6860000,-6.19%
09/09/2023,19.432,19.608,19.610,19.385,846260,-0.91%
09/08/2023,19.610,19.904,20.270,19.395,2430000,-1.48%
09/07/2023,19.904,19.640,19.990,19.340,2920000,1.34%
09/06/2023,19.640,20.258,20.370,19.206,4099999,-3.05%
09/05/2023,20.258,19.520,20.571,19.047,5070000,3.80%
09/04/2023,19.517,19.572,19.998,19.181,2620000,-0.28%
09/03/2023,19.572,19.500,19.668,19.256,1340000,0.37%
09/02/2023,19.500,19.322,19.678,19.146,1730000,0.92%
09/01/2023,19.322,19.737,19.920,19.080,3330000,-2.05%
08/31/2023,19.727,20.812,21.008,19.481,4820000,-5.21%
08/30/2023,20.812,21.792,21.958,20.600,3170000,-4.50%
08/29/2023,21.792,20.568,21.982,20.118,6610000,5.95%
08/28/2023,20.568,20.790,20.790,20.086,2100000,-1.07%
08/27/2023,20.790,20.288,20.908,20.240,1370000,2.47%
08/26/2023,20.288,20.420,20.422,20.206,937780,-0.65%
08/25/2023,20.420,21.058,21.058,20.096,2950000,-3.03%
08/24/2023,21.058,21.738,22.018,20.684,3360000,-3.13%
08/23/2023,21.738,20.584,21.784,20.448,4590000,5.61%
08/22/2023,20.584,21.192,21.262,19.557,4500000,-2.86%
08/21/2023,21.190,21.770,21.772,20.448,3360000,-2.65%
08/20/2023,21.768,21.900,22.014,21.596,1340000,-0.60%
08/19/2023,21.900,21.346,22.150,21.308,2110000,2.59%
08/18/2023,21.348,21.698,22.172,20.976,4840000,-1.62%
08/17/2023,21.700,22.816,23.416,20.265,7700000,-4.89%
08/16/2023,22.816,23.920,24.016,22.438,5480000,-4.72%
08/15/2023,23.946,25.180,25.280,23.744,4840000,-4.89%
08/14/2023,25.176,24.230,25.271,24.117,3660000,3.90%
08/13/2023,24.230,24.902,24.940,24.216,2340000,-2.70%
08/12/2023,24.902,24.616,25.128,24.396,2250000,1.15%
08/11/2023,24.618,24.605,24.898,24.354,2940000,0.05%
08/10/2023,24.605,24.385,24.860,24.135,3080000,0.90%
08/09/2023,24.385,24.210,24.984,24.122,4700000,0.72%
08/08/2023,24.210,23.117,24.740,23.026,5920000,4.77%
08/07/2023,23.109,23.197,23.579,22.418,3780000,-0.38%
08/06/2023,23.197,22.648,23.432,22.578,3070000,2.42%
08/05/2023,22.648,22.796,22.926,22.311,2160000,-0.65%
08/04/2023,22.796,22.640,23.558,22.508,4070000,0.69%
08/03/2023,22.640,23.148,23.372,22.484,3630000,-2.19%
08/02/2023,23.148,24.050,24.234,22.930,4220000,-3.59%
08/01/2023,24.010,23.722,24.040,23.012,4530000,1.22%
07/31/2023,23.720,24.250,24.780,23.608,3990000,-2.19%
07/30/2023,24.250,25.158,25.210,23.763,3530000,-3.62%
07/29/2023,25.160,24.820,25.380,24.755,2260000,1.37%
07/28/2023,24.820,25.100,25.522,24.554,3600000,-1.12%
07/27/2023,25.102,25.174,25.634,24.700,5270000,-0.35%
07/26/2023,25.190,23.270,25.581,23.182,7500000,8.25%
07/25/2023,23.270,23.370,23.578,22.767,3350000,-0.43%
07/24/2023,23.370,24.763,24.830,22.917,5220000,-5.61%
07/23/2023,24.760,24.522,25.248,24.233,3140000,0.98%
07/22/2023,24.520,25.492,25.960,24.260,2990000,-3.81%
07/21/2023,25.492,25.378,25.994,25.098,4230000,0.48%
07/20/2023,25.371,26.310,27.358,25.096,6370000,-3.60%
07/19/2023,26.320,25.554,26.980,25.378,6480000,3.00%
07/18/2023,25.554,26.804,27.062,24.793,8119999,-4.66%
07/17/2023,26.804,27.420,28.455,25.794,10590000,-2.25%
07/16/2023,27.420,27.461,28.553,26.764,8109999,-0.13%
07/15/2023,27.456,26.675,29.072,26.547,12930000,2.91%
07/14/2023,26.679,25.991,30.574,25.309,23770000,2.63%
07/13/2023,25.995,21.938,26.651,21.450,19220000,18.47%
07/12/2023,21.942,22.078,22.720,21.776,7450000,-0.62%
07/11/2023,22.078,21.298,22.305,21.212,5530000,3.63%
07/10/2023,21.305,21.325,21.790,20.532,6750000,-0.17%
07/09/2023,21.342,21.823,22.332,21.042,4590000,-2.21%
07/08/2023,21.823,21.495,22.447,21.329,7760000,1.54%
07/07/2023,21.493,19.616,21.698,19.298,11560000,9.43%
07/06/2023,19.641,18.992,20.964,18.860,11930000,3.43%
07/05/2023,18.990,19.134,19.376,18.476,3190000,-0.75%
07/04/2023,19.134,19.234,19.928,19.080,3860000,-0.52%
07/03/2023,19.234,19.460,19.640,18.890,3790000,-1.17%
07/02/2023,19.462,18.719,19.718,18.559,5970000,3.97%
07/01/2023,18.719,18.858,18.983,17.919,4080000,-0.74%
06/30/2023,18.858,17.988,19.930,17.330,13570000,4.83%
06/29/2023,17.990,15.968,18.238,15.885,9570000,12.68%
06/28/2023,15.965,16.622,16.648,15.712,5320000,-3.95%
06/27/2023,16.622,16.262,16.920,16.140,3850000,2.21%
06/26/2023,16.262,16.962,17.112,15.986,3980000,-4.14%
06/25/2023,16.964,16.642,17.380,16.573,3450000,1.94%
06/24/2023,16.642,17.142,17.525,16.392,3530000,-2.92%
06/23/2023,17.142,16.634,17.512,16.218,6420000,3.06%
06/22/2023,16.634,17.237,17.725,16.582,4330000,-3.55%
06/21/2023,17.245,16.633,17.402,16.570,5530000,3.68%
06/20/2023,16.633,16.102,16.653,15.758,4099999,3.29%
06/19/2023,16.102,15.448,16.130,15.368,2410000,4.23%
06/18/2023,15.448,15.640,15.828,15.340,1940000,-1.23%
06/17/2023,15.640,15.320,16.093,15.170,3120000,2.09%
06/16/2023,15.320,14.787,15.450,14.454,3940000,3.60%
06/15/2023,14.787,14.490,15.049,14.189,5380000,2.07%
06/14/2023,14.488,15.037,15.336,14.140,4820000,-3.66%
06/13/2023,15.038,15.191,15.931,14.780,5770000,-1.00%
06/12/2023,15.190,15.550,15.649,14.759,6090000,-2.32%
06/11/2023,15.551,15.622,16.142,15.142,7040000,-0.46%
06/10/2023,15.623,17.398,17.398,13.330,20690000,-10.20%
06/09/2023,17.398,18.890,19.325,17.125,6200000,-7.91%
06/08/2023,18.892,18.633,19.093,18.258,3150000,1.42%
06/07/2023,18.627,20.390,20.512,18.527,5400000,-8.65%
06/06/2023,20.390,19.993,20.685,19.265,5770000,1.95%
06/05/2023,20.000,21.830,22.052,19.353,8369999,-8.38%
06/04/2023,21.830,21.195,22.290,21.035,3610000,3.02%
06/03/2023,21.190,21.262,21.345,20.994,1480000,-0.32%
06/02/2023,21.258,20.497,21.372,20.325,2660000,3.71%
06/01/2023,20.497,20.820,20.983,20.437,2290000,-1.56%
05/31/2023,20.823,21.253,21.326,20.435,2840000,-2.02%
05/30/2023,21.253,20.572,21.396,20.472,4460000,3.31%
05/29/2023,20.572,20.800,20.974,20.280,2840000,-1.10%
05/28/2023,20.802,20.422,21.165,20.302,3530000,1.85%
05/27/2023,20.424,19.353,20.512,19.330,2000000,5.55%
05/26/2023,19.350,19.250,19.553,19.093,1440000,0.52%
05/25/2023,19.250,19.213,19.540,18.798,2370000,0.19%
05/24/2023,19.213,20.030,20.070,18.852,3800000,-4.07%
05/23/2023,20.028,19.530,20.166,19.426,3280000,2.55%
05/22/2023,19.530,19.612,19.997,19.370,3020000,-0.42%
05/21/2023,19.612,20.290,20.390,19.413,2570000,-3.34%
05/20/2023,20.290,20.350,20.360,20.113,1280000,-0.29%
05/19/2023,20.350,20.347,20.563,20.267,1660000,0.01%
05/18/2023,20.347,21.047,21.090,20.127,3670000,-3.33%
05/17/2023,21.047,20.673,21.182,20.440,3490000,1.81%
05/16/2023,20.673,20.987,21.133,20.450,3770000,-1.51%
05/15/2023,20.990,20.944,21.504,20.622,3930000,0.22%
05/14/2023,20.944,20.832,21.234,20.632,1970000,0.54%
05/13/2023,20.832,20.906,21.277,20.792,2310000,-0.35%
05/12/2023,20.906,20.184,20.936,19.830,4360000,3.57%
05/11/2023,20.184,20.934,20.934,19.797,4780000,-3.57%
05/10/2023,20.932,20.658,21.297,19.999,6520000,1.26%
05/09/2023,20.673,20.632,20.997,20.427,3220000,0.19%
05/08/2023,20.632,21.657,21.807,20.003,7050000,-4.72%
05/07/2023,21.655,21.928,22.734,21.655,3800000,-1.25%
05/06/2023,21.928,22.825,23.224,21.613,3870000,-3.93%
05/05/2023,22.825,21.740,23.043,21.656,4960000,4.99%
05/04/2023,21.740,22.220,22.472,21.616,3210000,-2.16%
05/03/2023,22.220,22.250,22.282,21.254,5120000,-0.14%
05/02/2023,22.252,21.952,22.374,21.760,3280000,1.26%
05/01/2023,21.975,22.739,22.880,21.600,5000000,-3.36%
04/30/2023,22.739,23.186,23.902,22.739,4050000,-1.93%
04/29/2023,23.186,23.348,23.778,22.934,4040000,-0.69%
04/28/2023,23.348,22.332,23.471,22.184,6060000,4.55%
04/27/2023,22.332,21.284,22.494,21.180,5970000,4.92%
04/26/2023,21.284,21.920,22.937,20.476,8430000,-2.90%
04/25/2023,21.920,21.380,21.962,20.736,4280000,2.53%
04/24/2023,21.380,21.470,21.982,21.036,3840000,-0.42%
04/23/2023,21.470,21.795,22.237,21.012,3470000,-1.49%
04/22/2023,21.795,21.267,21.972,21.067,2440000,2.48%
04/21/2023,21.267,22.197,22.390,21.070,6040000,-4.13%
04/20/2023,22.183,22.683,23.134,21.605,7760000,-2.20%
04/19/2023,22.683,24.823,24.969,22.072,9380000,-8.62%
04/18/2023,24.823,24.572,25.436,24.023,5020000,1.03%
04/17/2023,24.569,25.365,25.960,24.358,8000000,-3.12%
04/16/2023,25.360,24.050,25.457,23.845,4590000,5.46%
04/15/2023,24.047,24.723,24.778,23.825,3800000,-2.73%
04/14/2023,24.723,24.437,25.463,23.765,9000000,1.17%
04/13/2023,24.437,23.790,25.243,23.655,7930000,2.73%
04/12/2023,23.788,22.982,24.400,22.336,13850000,3.50%
04/11/2023,22.982,20.897,23.675,20.827,11980000,9.94%
04/10/2023,20.904,20.282,20.950,20.082,2490000,3.05%
04/09/2023,20.285,20.043,20.425,19.900,1370000,1.20%
04/08/2023,20.043,20.446,20.726,19.900,2400000,-1.97%
04/07/2023,20.446,20.623,20.773,20.253,1760000,-0.84%
04/06/2023,20.620,20.963,20.988,20.466,2330000,-1.67%
04/05/2023,20.970,20.922,21.333,20.632,3580000,0.23%
04/04/2023,20.922,20.446,21.238,20.324,3310000,2.33%
04/03/2023,20.446,20.520,20.990,19.992,5700000,-0.38%
04/02/2023,20.524,21.080,21.294,20.250,2280000,-2.60%
04/01/2023,21.072,21.165,21.310,20.796,2240000,-0.44%
03/31/2023,21.165,20.547,21.462,20.072,4179999,2.97%
03/30/2023,20.555,21.110,21.648,20.160,5960000,-2.63%
03/29/2023,21.110,20.460,21.536,20.430,4440000,3.21%
03/28/2023,20.453,19.900,20.820,19.620,4680000,2.78%
03/27/2023,19.900,20.954,20.982,19.448,4720000,-5.04%
03/26/2023,20.957,20.425,21.117,20.295,2380000,2.60%
03/25/2023,20.425,20.659,20.969,20.129,3110000,-1.13%
03/24/2023,20.659,22.184,22.270,20.308,8000000,-6.87%
03/23/2023,22.184,21.434,22.741,21.172,7730000,3.54%
03/22/2023,21.425,22.574,23.062,21.019,12390000,-5.09%
03/21/2023,22.574,22.150,23.316,21.578,9940000,1.93%
03/20/2023,22.147,21.855,23.893,21.448,15170000,1.34%
03/19/2023,21.855,21.218,22.428,21.214,6100000,3.02%
03/18/2023,21.215,21.628,22.850,21.091,10590000,-1.89%
03/17/2023,21.624,19.697,21.669,19.437,9170000,9.79%
03/16/2023,19.697,19.261,19.888,18.927,6620000,2.26%
03/15/2023,19.261,20.914,21.463,18.773,11640000,-7.90%
03/14/2023,20.914,20.428,22.081,19.802,14880000,2.40%
03/13/2023,20.425,20.184,21.367,18.907,16739999,1.19%
03/12/2023,20.184,18.113,20.452,17.757,9040000,11.43%
03/11/2023,18.113,18.202,18.896,17.011,9260000,-0.52%
03/10/2023,18.208,17.326,18.352,16.060,15880000,5.00%
03/09/2023,17.341,18.410,18.745,16.819,12510000,-5.81%
03/08/2023,18.410,20.236,20.380,18.214,9320000,-9.02%
03/07/2023,20.236,20.610,20.950,19.732,5230000,-1.81%
03/06/2023,20.610,20.970,21.140,20.490,3700000,-1.74%
03/05/2023,20.974,20.988,21.663,20.850,3060000,-0.07%
03/04/2023,20.988,21.423,21.598,20.330,2200000,-2.03%
03/03/2023,21.423,21.997,22.017,20.470,5330000,-2.61%
03/02/2023,21.997,22.520,22.633,21.680,3170000,-2.32%
03/01/2023,22.520,21.880,22.854,21.670,3370000,2.93%
02/28/2023,21.880,22.677,22.740,21.784,3450000,-3.52%
02/27/2023,22.677,23.274,23.400,22.337,5080000,-2.56%
02/26/2023,23.274,22.377,23.514,22.223,3560000,4.00%
02/25/2023,22.378,23.080,23.310,21.508,5470000,-3.04%
02/24/2023,23.080,23.912,24.118,22.526,6200000,-3.50%
02/23/2023,23.918,24.162,24.680,23.626,5590000,-1.01%
02/22/2023,24.162,24.980,25.210,23.252,9480000,-3.27%
02/21/2023,24.980,26.260,26.598,24.617,8790000,-4.82%
02/20/2023,26.245,24.860,27.043,24.214,13670000,5.53%
02/19/2023,24.869,23.453,25.584,23.228,10600000,6.04%
02/18/2023,23.453,23.148,23.905,22.932,3530000,1.32%
02/17/2023,23.148,22.282,23.535,22.077,6070000,3.83%
02/16/2023,22.293,23.880,24.133,22.227,9340000,-6.65%
02/15/2023,23.880,21.840,23.930,21.462,7470000,9.33%
02/14/2023,21.842,20.774,22.306,20.684,9760000,5.13%
02/13/2023,20.777,21.500,21.569,19.780,8570000,-3.37%
02/12/2023,21.502,20.813,22.364,20.630,5910000,3.31%
02/11/2023,20.813,20.122,20.901,20.102,2610000,3.43%
02/10/2023,20.122,20.480,21.190,19.699,7250000,-1.75%
02/09/2023,20.480,23.215,23.342,20.065,8530000,-11.78%
02/08/2023,23.215,23.832,24.180,22.832,5160000,-2.56%
02/07/2023,23.825,22.652,23.937,22.568,6460000,5.18%
02/06/2023,22.652,23.464,23.722,22.536,4680000,-3.46%
02/05/2023,23.464,24.350,24.452,23.048,6070000,-3.64%
02/04/2023,24.350,24.670,24.933,24.253,2640000,-1.30%
02/03/2023,24.670,24.254,25.069,24.057,6790000,1.72%
02/02/2023,24.254,25.007,26.130,24.157,10400000,-2.93%
02/01/2023,24.986,23.923,25.190,22.540,10570000,4.44%
01/31/2023,23.923,23.966,24.400,23.507,5770000,-0.18%
01/30/2023,23.966,26.103,26.305,23.395,10790000,-8.17%
01/29/2023,26.097,24.010,26.748,23.757,10700000,8.67%
01/28/2023,24.016,24.424,25.117,23.783,4720000,-1.66%
01/27/2023,24.420,24.349,24.917,23.441,7300000,0.29%
01/26/2023,24.349,24.510,25.197,23.897,7660000,-0.66%
01/25/2023,24.510,22.767,25.368,22.320,12130000,7.66%
01/24/2023,22.767,24.316,25.170,22.452,8780000,-6.37%
01/23/2023,24.316,24.222,24.884,23.901,9470000,0.39%
01/22/2023,24.222,24.550,25.413,23.666,10590000,-1.32%
01/21/2023,24.547,25.550,26.424,24.547,19010000,-3.93%
01/20/2023,25.550,21.420,25.703,20.951,14860000,19.28%
01/19/2023,21.420,20.849,21.836,20.440,9270000,2.74%
01/18/2023,20.849,22.870,23.577,20.534,16640000,-8.84%
01/17/2023,22.870,23.578,23.936,22.779,9210000,-3.00%
01/16/2023,23.578,22.890,24.859,22.370,16390000,2.97%
01/15/2023,22.897,24.233,24.813,22.056,17060000,-5.57%
01/14/2023,24.247,18.287,24.641,18.206,39690000,32.59%
01/13/2023,18.287,16.600,18.577,16.330,16309999,10.16%
01/12/2023,16.600,16.365,16.930,15.714,14510000,1.48%
01/11/2023,16.357,16.194,16.572,15.334,10450000,1.01%
01/10/2023,16.194,16.258,16.690,15.604,13990000,-0.44%
01/09/2023,16.266,14.446,17.453,14.304,31730000,12.32%
01/08/2023,14.482,13.094,14.599,12.860,9870000,10.60%
01/07/2023,13.094,13.500,13.508,13.026,3280000,-3.15%
01/06/2023,13.520,13.420,13.576,12.740,9150000,0.75%
01/05/2023,13.420,13.442,13.850,12.954,9580000,-0.14%
01/04/2023,13.438,13.377,14.166,12.861,20700000,0.51%
01/03/2023,13.370,11.274,13.646,11.018,22970000,18.59%
01/02/2023,11.274,10.000,11.637,9.815,13250000,12.74%
01/01/2023,10.000,9.955,10.080,9.705,4580000,0.45%
12/31/2022,9.955,9.903,10.170,9.670,6790000,0.61%
12/30/2022,9.895,9.647,10.121,9.029,23460000,2.45%
12/29/2022,9.658,9.760,9.928,8.085,20960000,-1.04%
12/28/2022,9.760,11.090,11.110,9.480,13990000,-11.99%
12/27/2022,11.090,11.339,11.430,10.732,5100000,-2.20%
12/26/2022,11.339,11.390,11.485,11.102,2910000,-0.41%
12/25/2022,11.385,11.450,11.550,11.250,1730000,-0.57%
12/24/2022,11.450,11.781,11.790,11.205,4620000,-2.84%
12/23/2022,11.785,11.810,12.105,11.725,3120000,-0.21%
12/22/2022,11.810,12.140,12.185,11.684,3750000,-2.72%
12/21/2022,12.140,12.265,12.280,11.905,3190000,-1.06%
12/20/2022,12.270,11.940,12.475,11.845,3770000,2.76%
12/19/2022,11.940,12.380,12.580,11.690,4970000,-3.48%
12/18/2022,12.370,12.510,12.599,12.275,2570000,-1.08%
12/17/2022,12.505,12.281,12.535,11.940,4940000,1.86%
12/16/2022,12.276,14.040,14.164,12.021,8150000,-12.60%
12/15/2022,14.046,14.124,14.500,13.880,4650000,-0.55%
12/14/2022,14.124,13.877,14.936,13.807,8270000,1.73%
12/13/2022,13.883,13.314,14.106,12.780,6000000,4.28%
12/12/2022,13.314,13.420,13.480,12.831,4320000,-0.82%
12/11/2022,13.423,13.577,13.790,13.397,1830000,-1.13%
12/10/2022,13.577,13.580,13.700,13.543,1380000,-0.02%
12/09/2022,13.580,13.690,14.007,13.510,3640000,-0.80%
12/08/2022,13.690,13.493,13.763,13.280,3130000,1.46%
12/07/2022,13.493,14.300,14.324,13.470,4030000,-5.64%
12/06/2022,14.300,13.825,14.351,13.810,4870000,3.45%
12/05/2022,13.823,13.707,14.165,13.600,5420000,0.82%
12/04/2022,13.710,13.293,13.750,13.272,2440000,3.14%
12/03/2022,13.293,13.713,13.753,13.235,2630000,-3.07%
12/02/2022,13.713,13.510,13.783,13.337,4040000,1.55%
12/01/2022,13.504,14.144,14.184,13.406,4019999,-4.61%
11/30/2022,14.157,13.350,14.285,13.273,6170000,6.07%
11/29/2022,13.346,13.324,13.930,13.156,4340000,0.16%
11/28/2022,13.324,14.107,14.166,12.786,8100000,-5.58%
11/27/2022,14.111,14.170,14.440,14.056,3610000,-0.39%
11/26/2022,14.166,14.014,14.920,13.976,4680000,1.12%
11/25/2022,14.010,14.586,14.590,13.912,4790000,-3.95%
11/24/2022,14.586,14.362,14.904,13.848,7880000,1.56%
11/23/2022,14.362,12.429,14.438,12.403,12710000,15.62%
11/22/2022,12.422,11.836,12.494,10.960,8810000,4.95%
11/21/2022,11.836,12.274,12.277,11.296,8000000,-3.57%
11/20/2022,12.274,12.834,13.463,12.135,6630000,-4.33%
11/19/2022,12.830,12.677,12.964,12.643,4320000,-2.70%
11/18/2022,13.186,13.723,13.723,12.996,4880000,-3.96%
11/17/2022,13.730,14.173,14.477,12.973,10010000,-3.13%
11/16/2022,14.173,14.311,14.601,13.653,6170000,-0.99%
11/15/2022,14.315,13.989,15.050,13.832,10940000,2.33%
11/14/2022,13.989,13.157,14.953,12.163,16920000,6.33%
11/13/2022,13.157,14.544,14.702,13.043,10920000,-9.54%
11/12/2022,14.544,16.451,16.451,14.474,9720000,-11.59%
11/11/2022,16.451,17.645,18.265,15.189,22280000,-6.73%
11/10/2022,17.638,14.016,18.805,13.193,41670000,25.84%
11/09/2022,14.016,24.335,24.344,12.445,50780000,-42.35%
11/08/2022,24.314,29.616,31.512,21.003,40350000,-17.86%
11/07/2022,29.599,32.627,33.105,28.445,13550000,-9.28%
11/06/2022,32.627,36.893,37.035,32.408,6470000,-11.52%
11/05/2022,36.874,33.740,38.729,33.683,10200000,9.30%
11/04/2022,33.737,30.860,34.183,30.667,6110000,9.32%
11/03/2022,30.860,30.810,32.223,30.624,3300000,0.15%
11/02/2022,30.813,32.210,32.930,30.240,5040000,-4.32%
11/01/2022,32.203,32.564,33.386,32.160,3010000,-1.13%
10/31/2022,32.571,32.940,34.363,32.223,4820000,-1.10%
10/30/2022,32.933,32.873,33.533,31.994,2940000,0.18%
10/29/2022,32.873,32.056,33.830,31.856,4910000,2.56%
10/28/2022,32.053,30.590,32.524,30.130,4470000,4.76%
10/27/2022,30.596,31.303,32.243,30.486,5300000,-2.23%
10/26/2022,31.294,30.883,32.064,30.684,5510000,1.32%
10/25/2022,30.887,28.302,32.280,28.053,6620000,9.14%
10/24/2022,28.300,29.295,29.472,28.178,3350000,-3.39%
10/23/2022,29.293,28.005,29.405,27.843,2880000,4.59%
10/22/2022,28.008,28.103,28.173,27.500,1810000,-0.34%
10/21/2022,28.103,28.031,28.283,26.864,4550000,0.24%
10/20/2022,28.037,28.857,29.463,27.997,3590000,-2.84%
10/19/2022,28.857,30.140,30.240,28.766,2590000,-4.26%
10/18/2022,30.140,31.213,31.470,29.803,3030000,-3.44%
10/17/2022,31.213,30.167,31.283,29.837,2480000,3.47%
10/16/2022,30.167,29.594,30.506,29.576,1330000,1.96%
10/15/2022,29.588,30.000,30.197,29.454,1640000,-1.39%
10/14/2022,30.004,30.507,31.967,29.643,3670000,-1.65%
10/13/2022,30.507,31.156,31.200,27.983,6670000,-2.09%
10/12/2022,31.156,30.806,31.514,30.683,1630000,1.12%
10/11/2022,30.810,31.937,31.954,30.490,3060000,-3.52%
10/10/2022,31.934,32.923,33.433,31.926,2450000,-3.01%
10/09/2022,32.923,32.584,33.134,32.444,1360000,1.07%
10/08/2022,32.576,32.970,33.070,32.398,1400000,-1.23%
10/07/2022,32.980,33.356,33.769,32.452,3070000,-1.17%
10/06/2022,33.369,34.036,34.494,33.254,3240000,-1.97%
10/05/2022,34.040,34.101,34.364,33.229,3080000,-0.18%
10/04/2022,34.101,32.884,34.391,32.844,3120000,3.69%
10/03/2022,32.888,32.064,33.251,31.797,3120000,2.57%
10/02/2022,32.064,32.437,33.010,31.932,2410000,-1.17%
10/01/2022,32.443,33.246,33.246,32.400,2190000,-2.41%
09/30/2022,33.243,33.921,35.173,32.661,6280000,-1.99%
09/29/2022,33.917,33.213,34.410,32.697,4290000,2.12%
09/28/2022,33.213,32.690,33.780,31.677,4700000,1.60%
09/27/2022,32.690,33.887,35.352,32.128,6490000,-3.53%
09/26/2022,33.887,32.316,33.940,31.890,4840000,4.89%
09/25/2022,32.306,33.383,34.037,31.953,2880000,-3.33%
09/24/2022,33.417,33.667,34.744,33.189,4450000,-0.75%
09/23/2022,33.670,32.417,33.950,31.257,5110000,3.87%
09/22/2022,32.415,30.706,32.850,30.607,4080000,5.38%
09/21/2022,30.761,31.413,33.374,30.110,6190000,-2.08%
09/20/2022,31.413,32.623,32.870,31.336,3610000,-3.71%
09/19/2022,32.623,31.103,33.033,30.637,4810000,4.90%
09/18/2022,31.100,33.695,33.987,30.875,3150000,-7.74%
09/17/2022,33.711,32.243,33.890,32.227,1930000,4.58%
09/16/2022,32.233,33.088,33.202,31.541,3290000,-2.58%
09/15/2022,33.088,34.113,34.755,32.564,4830000,-3.00%
09/14/2022,34.113,32.996,34.326,32.763,4330000,3.39%
09/13/2022,32.996,37.453,38.916,32.976,8910000,-11.91%
09/12/2022,37.458,35.006,38.296,34.426,7160000,7.05%
09/11/2022,34.990,35.039,35.974,34.080,2940000,-0.19%
09/10/2022,35.055,34.683,35.402,34.280,2890000,0.97%
09/09/2022,34.719,33.603,35.889,33.593,5480000,3.32%
09/08/2022,33.603,32.697,33.880,32.037,4170000,2.82%
09/07/2022,32.681,30.872,32.921,30.380,3570000,5.86%
09/06/2022,30.872,32.160,33.850,30.549,6340000,-3.99%
09/05/2022,32.157,32.151,32.485,31.160,2300000,0.08%
09/04/2022,32.130,31.124,32.176,31.024,1880000,3.25%
09/03/2022,31.120,31.250,31.273,30.817,1330000,-0.44%
09/02/2022,31.257,31.600,32.376,30.796,3460000,-1.10%
09/01/2022,31.603,31.507,31.766,30.486,3350000,0.31%
08/31/2022,31.507,31.454,32.904,31.197,4120000,0.20%
08/30/2022,31.443,32.417,33.123,30.713,5400000,-3.01%
08/29/2022,32.420,30.362,32.613,30.030,5710000,6.89%
08/28/2022,30.330,31.526,32.174,30.236,3290000,-3.79%
08/27/2022,31.523,31.750,32.243,30.890,4380000,-0.73%
08/26/2022,31.756,35.277,35.716,31.448,7560000,-10.01%
08/25/2022,35.290,34.892,36.470,34.886,3820000,1.13%
08/24/2022,34.896,35.653,36.362,34.317,4210000,-2.13%
08/23/2022,35.657,35.432,36.090,34.262,4210000,0.58%
08/22/2022,35.450,36.458,36.530,33.812,6220000,-2.77%
08/21/2022,36.458,35.280,37.013,34.587,5440000,3.34%
08/20/2022,35.280,35.876,37.254,34.294,6960000,-1.57%
08/19/2022,35.844,39.488,39.573,35.435,10310000,-9.25%
08/18/2022,39.495,40.519,41.654,39.443,4610000,-2.53%
08/17/2022,40.519,43.100,44.684,40.209,6810000,-6.05%
08/16/2022,43.127,43.713,44.296,42.595,5080000,-1.33%
08/15/2022,43.710,44.870,47.192,42.777,6250000,-2.60%
08/14/2022,44.876,46.566,48.019,44.489,4980000,-3.64%
08/13/2022,46.569,45.446,48.341,45.289,6810000,2.49%
08/12/2022,45.439,42.762,45.477,42.173,4910000,6.27%
08/11/2022,42.757,42.462,45.263,42.363,7680000,0.70%
08/10/2022,42.462,40.353,42.725,39.167,6410000,5.23%
08/09/2022,40.353,42.196,42.740,39.841,4150000,-4.44%
08/08/2022,42.230,40.603,43.664,40.570,5250000,4.03%
08/07/2022,40.594,40.076,41.530,39.239,2550000,1.35%
08/06/2022,40.055,40.560,40.893,39.877,2310000,-1.28%
08/05/2022,40.573,38.807,41.290,38.733,5150000,4.56%
08/04/2022,38.804,38.567,39.802,37.990,5840000,0.63%
08/03/2022,38.560,39.761,40.896,37.571,12440000,-2.95%
08/02/2022,39.733,41.743,42.403,39.584,5200000,-4.83%
08/01/2022,41.749,42.374,43.236,40.620,4830000,-1.57%
07/31/2022,42.416,43.840,45.150,42.267,4710000,-3.24%
07/30/2022,43.837,41.909,46.562,41.494,7860000,4.60%
07/29/2022,41.909,42.986,44.309,41.231,7190000,-2.49%
07/28/2022,42.980,40.259,44.136,39.053,9910000,6.76%
07/27/2022,40.259,36.267,40.484,35.697,8430000,11.00%
07/26/2022,36.270,36.643,36.806,34.707,6750000,-1.07%
07/25/2022,36.661,40.973,41.077,36.600,6730000,-10.55%
07/24/2022,40.987,39.997,42.076,39.490,4630000,2.49%
07/23/2022,39.990,40.536,41.897,38.664,5160000,-1.35%
07/22/2022,40.539,43.131,44.285,40.056,7010000,-6.01%
07/21/2022,43.131,42.051,44.030,39.700,9870000,2.60%
07/20/2022,42.040,44.890,46.260,41.383,10210000,-6.35%
07/19/2022,44.890,43.578,47.255,42.608,11610000,3.01%
07/18/2022,43.578,38.589,44.020,38.574,9240000,13.02%
07/17/2022,38.557,39.603,41.064,38.336,5780000,-2.63%
07/16/2022,39.600,37.367,40.372,36.374,5900000,5.98%
07/15/2022,37.367,37.139,39.020,36.586,6750000,0.63%
07/14/2022,37.132,34.957,37.273,33.621,8020000,6.29%
07/13/2022,34.937,32.674,35.020,31.942,7130000,6.95%
07/12/2022,32.667,33.448,34.580,32.611,4740000,-2.34%
07/11/2022,33.448,36.690,36.697,33.262,4790000,-8.84%
07/10/2022,36.690,38.070,38.101,36.327,3040000,-3.62%
07/09/2022,38.070,38.146,38.847,37.802,3090000,-0.17%
07/08/2022,38.134,38.490,39.531,36.504,7380000,-0.91%
07/07/2022,38.484,37.037,39.266,36.417,6020000,3.91%
07/06/2022,37.037,35.411,37.563,34.843,7480000,4.59%
07/05/2022,35.411,36.707,36.932,33.173,8870000,-3.53%
07/04/2022,36.706,33.397,36.893,32.475,5670000,9.91%
07/03/2022,33.397,33.348,33.632,32.178,3240000,0.15%
07/02/2022,33.348,32.843,34.018,31.902,3950000,1.53%
07/01/2022,32.846,33.741,35.332,31.870,9360000,-2.67%
06/30/2022,33.749,34.003,34.137,30.991,8570000,-0.75%
06/29/2022,34.003,35.328,36.027,33.160,8770000,-3.72%
06/28/2022,35.315,38.444,39.878,35.146,8060000,-8.14%
06/27/2022,38.444,39.401,41.174,37.930,6140000,-2.45%
06/26/2022,39.411,42.225,42.460,39.221,5850000,-6.74%
06/25/2022,42.260,41.889,42.613,39.776,5850000,0.87%
06/24/2022,41.896,38.150,42.846,37.743,9140000,9.82%
06/23/2022,38.150,34.091,38.482,34.010,9780000,11.94%
06/22/2022,34.082,36.302,36.820,33.665,9230000,-5.97%
06/21/2022,36.247,35.268,38.956,34.246,10240000,2.78%
06/20/2022,35.265,34.207,36.793,31.751,11210000,3.09%
06/19/2022,34.209,31.965,35.230,28.929,11860000,7.07%
06/18/2022,31.950,30.687,31.980,27.184,12440000,4.18%
06/17/2022,30.667,30.086,32.091,29.264,8790000,1.93%
06/16/2022,30.086,34.728,35.763,29.557,14600000,-13.32%
06/15/2022,34.708,29.600,34.769,26.798,17960000,17.12%
06/14/2022,29.633,28.507,32.104,25.966,16970000,4.32%
06/13/2022,28.405,30.605,30.999,26.060,20800000,-7.23%
06/12/2022,30.620,33.890,34.244,30.611,9840000,-9.61%
06/11/2022,33.874,37.149,37.900,33.240,6890000,-8.74%
06/10/2022,37.119,39.948,40.842,36.896,6720000,-7.08%
06/09/2022,39.948,38.820,41.824,38.456,6660000,2.94%
06/08/2022,38.805,39.330,40.830,38.307,6280000,-1.31%
06/07/2022,39.321,42.387,42.479,37.543,11300000,-7.23%
06/06/2022,42.387,38.523,44.606,38.358,10620000,10.03%
06/05/2022,38.523,38.956,40.152,37.843,5360000,-1.10%
06/04/2022,38.953,38.265,39.212,35.818,5920000,1.80%
06/03/2022,38.265,40.856,41.512,37.701,7120000,-6.36%
06/02/2022,40.864,40.100,41.546,38.156,8189999,1.90%
06/01/2022,40.100,45.722,46.097,39.691,7750000,-12.29%
05/31/2022,45.718,47.206,48.170,44.666,7320000,-3.15%
05/30/2022,47.206,44.967,48.217,44.267,8289999,5.00%
05/29/2022,44.960,44.263,45.533,41.824,6940000,1.62%
05/28/2022,44.245,41.083,44.931,40.324,6160000,7.72%
05/27/2022,41.076,43.404,43.889,40.053,11560000,-5.29%
05/26/2022,43.369,47.961,48.624,41.846,10120000,-9.57%
05/25/2022,47.961,49.655,50.472,47.602,4840000,-3.42%
05/24/2022,49.659,49.100,50.780,47.216,6240000,1.15%
05/23/2022,49.094,52.468,54.629,48.670,6220000,-6.42%
05/22/2022,52.460,50.293,53.126,49.675,3780000,4.31%
05/21/2022,50.293,49.414,51.186,48.596,3000000,1.78%
05/20/2022,49.414,52.150,53.550,47.879,7130000,-5.28%
05/19/2022,52.167,49.910,53.920,48.299,7260000,4.52%
05/18/2022,49.910,57.064,57.816,49.543,6700000,-12.52%
05/17/2022,57.056,53.654,58.188,53.187,6100000,6.36%
05/16/2022,53.643,58.673,58.806,51.951,7550000,-8.56%
05/15/2022,58.664,52.312,59.243,49.692,5650000,12.13%
05/14/2022,52.318,48.853,53.387,46.030,6990000,7.14%
05/13/2022,48.832,44.636,56.151,43.895,12830000,9.43%
05/12/2022,44.622,50.605,53.955,37.342,19240000,-11.90%
05/11/2022,50.647,66.690,68.310,43.394,17770000,-24.04%
05/10/2022,66.673,61.967,73.983,60.495,11810000,7.59%
05/09/2022,61.967,75.308,77.187,61.967,9110000,-17.73%
05/08/2022,75.317,78.841,79.337,73.781,109880000,-4.47%
05/07/2022,78.841,81.643,82.252,77.227,80910000,-3.43%
05/06/2022,81.639,84.461,84.727,79.949,145420000,-3.32%
05/05/2022,84.438,92.765,95.139,82.231,156600000,-9.00%
05/04/2022,92.792,85.821,93.010,85.434,121570000,8.11%
05/03/2022,85.833,87.463,88.765,84.656,71860000,-1.86%
05/02/2022,87.462,89.741,90.766,85.095,102990000,-2.47%
05/01/2022,89.681,84.772,93.113,84.178,83450000,5.81%
04/30/2022,84.757,93.915,94.913,81.888,83420000,-9.75%
04/29/2022,93.915,98.233,98.621,92.402,97130000,-4.40%
04/28/2022,98.233,98.324,100.534,96.389,96830000,-0.09%
04/27/2022,98.324,95.729,100.644,94.920,87270000,2.76%
04/26/2022,95.683,100.973,101.972,94.672,76600000,-5.27%
04/25/2022,101.007,99.223,101.558,94.472,100050000,1.79%
04/24/2022,99.227,100.583,102.248,98.718,68600000,-1.35%
04/23/2022,100.583,100.531,102.823,98.418,62480000,0.05%
04/22/2022,100.533,101.735,103.541,99.255,84800000,-1.20%
04/21/2022,101.757,105.553,109.963,100.029,105020000,-3.59%
04/20/2022,105.550,108.604,110.868,104.368,97190000,-2.79%
04/19/2022,108.576,102.295,108.824,101.146,80810000,6.13%
04/18/2022,102.304,100.225,102.628,94.834,103840000,2.00%
04/17/2022,100.296,102.108,105.445,99.732,63710000,-1.78%
04/16/2022,102.118,101.387,103.465,100.787,35830000,0.70%
04/15/2022,101.407,100.777,102.871,99.590,53650000,0.66%
04/14/2022,100.744,104.902,107.673,98.880,85650000,-3.94%
04/13/2022,104.880,103.184,105.924,100.134,93360000,1.65%
04/12/2022,103.181,99.636,109.214,98.437,125780000,3.67%
04/11/2022,99.532,111.150,111.924,98.289,134480000,-10.37%
04/10/2022,111.044,112.895,115.990,109.808,63540000,-1.57%
04/09/2022,112.812,109.980,113.602,108.309,72320000,2.55%
04/08/2022,110.009,118.575,122.375,108.168,139830000,-7.23%
04/07/2022,118.577,112.997,119.914,110.897,168610000,4.94%
04/06/2022,112.990,126.759,127.368,112.077,218620000,-10.88%
04/05/2022,126.784,132.113,136.566,126.179,105880000,-4.05%
04/04/2022,132.132,136.831,138.224,125.913,129190000,-3.41%
04/03/2022,136.804,132.400,141.046,130.744,117060000,3.34%
04/02/2022,132.376,134.547,143.488,131.648,144800000,-1.65%
04/01/2022,134.599,122.856,138.377,117.900,223970000,9.50%
03/31/2022,122.919,120.824,129.547,119.991,219280000,1.82%
03/30/2022,120.727,111.708,125.149,107.203,222820000,8.07%
03/29/2022,111.709,105.864,115.688,105.572,143960000,5.70%
03/28/2022,105.689,107.093,113.871,105.257,136070000,-1.31%
03/27/2022,107.093,101.804,107.420,98.850,59870000,5.20%
03/26/2022,101.804,98.650,103.337,97.711,52440000,3.20%
03/25/2022,98.649,102.392,104.885,97.124,88340000,-3.62%
03/24/2022,102.350,94.915,103.718,93.497,116970000,7.82%
03/23/2022,94.924,90.462,96.285,89.296,88020000,4.98%
03/22/2022,90.424,88.610,93.956,88.024,64129999,2.04%
03/21/2022,88.620,88.607,91.287,86.834,61340000,0.02%
03/20/2022,88.606,92.396,92.584,87.987,48970000,-4.14%
03/19/2022,92.435,89.789,94.538,89.265,93620000,2.94%
03/18/2022,89.792,87.827,92.187,84.514,358910000,2.25%
03/17/2022,87.813,87.796,90.985,86.667,320920000,0.02%
03/16/2022,87.795,82.850,87.958,81.540,300400000,5.97%
03/15/2022,82.850,81.226,85.840,78.887,236410000,2.00%
03/14/2022,81.223,78.706,82.242,78.038,237210000,3.00%
03/13/2022,78.858,81.412,83.075,77.774,204300000,-3.13%
03/12/2022,81.402,80.665,82.706,80.595,140500000,0.91%
03/11/2022,80.665,82.872,84.275,80.106,272330000,-2.66%
03/10/2022,82.871,88.089,88.555,80.766,314870000,-5.92%
03/09/2022,88.089,82.284,89.792,81.961,397720000,7.02%
03/08/2022,82.308,81.660,84.990,81.345,306260000,0.64%
03/07/2022,81.786,84.549,86.564,80.054,363890000,-3.26%
03/06/2022,84.538,89.633,89.894,84.164,230660000,-5.67%
03/05/2022,89.623,88.288,91.141,86.014,204270000,1.53%
03/04/2022,88.275,95.649,96.850,87.088,386320000,-7.71%
03/03/2022,95.649,100.702,101.669,94.138,3740000,-5.02%
03/02/2022,100.702,98.630,106.335,96.899,6190000,2.10%
03/01/2022,98.630,99.705,101.807,94.434,5560000,-1.08%
02/28/2022,99.705,85.607,102.146,84.250,6160000,16.47%
02/27/2022,85.607,90.130,92.147,84.190,3630000,-5.02%
02/26/2022,90.130,92.778,94.877,89.366,3180000,-2.85%
02/25/2022,92.778,89.409,94.995,87.035,5310000,3.77%
02/24/2022,89.409,84.514,92.837,75.693,10390000,5.90%
02/23/2022,84.431,86.413,93.211,84.431,4590000,-2.29%
02/22/2022,86.413,82.879,87.380,81.160,4220000,4.26%
02/21/2022,82.879,90.693,95.988,82.806,5640000,-8.52%
02/20/2022,90.600,91.264,93.808,85.878,3610000,-0.73%
02/19/2022,91.264,89.920,92.553,88.760,1830000,1.45%
02/18/2022,89.960,93.591,96.334,89.474,3020000,-3.88%
02/17/2022,93.591,101.763,102.740,92.411,3050000,-8.03%
02/16/2022,101.763,105.352,105.558,98.315,3240000,-3.41%
02/15/2022,105.352,96.458,105.606,96.388,3600000,9.22%
02/14/2022,96.458,92.811,97.762,91.058,2990000,3.93%
02/13/2022,92.811,95.970,97.273,91.447,1950000,-3.21%
02/12/2022,95.891,96.483,99.750,93.254,2760000,-0.61%
02/11/2022,96.483,106.170,108.103,95.307,4500000,-9.14%
02/10/2022,106.190,113.991,114.930,105.816,4139999,-6.84%
02/09/2022,113.991,113.293,117.005,109.581,3200000,0.62%
02/08/2022,113.293,117.512,120.152,109.887,4410000,-3.59%
02/07/2022,117.512,115.286,121.836,112.906,4360000,1.93%
02/06/2022,115.286,113.912,115.987,111.723,2290000,1.21%
02/05/2022,113.912,112.401,118.520,110.340,4099999,1.35%
02/04/2022,112.401,101.827,112.710,100.388,6260000,10.55%
02/03/2022,101.675,101.970,103.073,94.207,5880000,-0.23%
02/02/2022,101.908,109.981,112.266,97.121,7800000,-7.34%
02/01/2022,109.981,99.515,113.498,99.172,7110000,10.39%
01/31/2022,99.627,93.418,101.346,89.264,4260000,6.68%
01/30/2022,93.385,96.029,97.461,91.471,2130000,-2.91%
01/29/2022,96.186,91.375,98.676,90.709,3440000,5.33%
01/28/2022,91.318,89.513,93.526,87.338,4590000,2.12%
01/27/2022,89.422,91.905,94.404,85.887,5830000,-2.70%
01/26/2022,91.905,94.704,103.487,89.487,7290000,-2.96%
01/25/2022,94.704,91.849,99.882,87.585,5830000,3.18%
01/24/2022,91.784,99.770,99.835,80.919,10990000,-8.00%
01/23/2022,99.766,94.679,104.673,93.326,5640000,5.39%
01/22/2022,94.665,112.312,114.048,88.480,10270000,-15.75%
01/21/2022,112.362,127.639,128.651,106.543,8180000,-11.99%
01/20/2022,127.672,135.310,143.831,126.537,2500000,-5.62%
01/19/2022,135.276,141.337,142.663,132.969,2049999,-4.25%
01/18/2022,141.282,139.832,142.598,134.454,2040000,1.04%
01/17/2022,139.824,148.016,148.260,137.144,2130000,-5.49%
01/16/2022,147.954,147.660,151.918,146.174,1520000,0.19%
01/15/2022,147.677,146.158,149.524,144.147,1520000,1.04%
01/14/2022,146.162,146.096,150.584,142.044,2350000,0.07%
01/13/2022,146.061,151.530,157.712,145.590,3040000,-3.55%
01/12/2022,151.437,140.209,153.119,138.286,3210000,8.01%
01/11/2022,140.209,135.873,143.456,133.626,2410000,3.12%
01/10/2022,135.964,140.787,143.741,130.147,3300000,-3.40%
01/09/2022,140.755,142.033,145.664,137.890,2210000,-0.90%
01/08/2022,142.033,136.388,148.026,133.283,4179999,4.13%
01/07/2022,136.405,150.336,150.650,133.973,4690000,-9.27%
01/06/2022,150.336,154.483,154.721,146.344,2910000,-2.72%
01/05/2022,154.540,167.753,171.253,145.013,3090000,-7.88%
01/04/2022,167.767,170.084,173.867,166.560,1650000,-1.34%
01/03/2022,170.039,176.354,176.443,166.897,1650000,-3.59%
01/02/2022,176.367,179.083,179.496,174.428,1080000,-1.51%
01/01/2022,179.068,169.985,179.176,169.985,1300000,5.34%
12/31/2021,169.985,172.509,177.604,167.773,2049999,-1.45%
12/30/2021,172.482,170.602,175.697,168.382,1860000,1.09%
12/29/2021,170.626,177.191,180.581,170.434,2590000,-3.68%
12/28/2021,177.151,195.602,195.602,176.793,3640000,-9.45%
12/27/2021,195.645,197.801,204.712,194.865,1900000,-1.07%
12/26/2021,197.754,193.019,200.537,190.376,2190000,2.40%
12/25/2021,193.127,190.493,195.052,189.224,1780000,1.49%
12/24/2021,190.285,190.075,197.422,184.463,2800000,0.13%
12/23/2021,190.047,178.411,193.442,175.770,2930000,6.53%
12/22/2021,178.406,179.736,187.539,177.145,2800000,-0.75%
12/21/2021,179.745,173.862,182.392,170.286,2400000,3.43%
12/20/2021,173.785,179.956,181.085,168.500,2630000,-3.52%
12/19/2021,180.125,182.822,189.160,178.573,1930000,-1.50%
12/18/2021,182.861,175.562,184.272,171.065,1980000,4.14%
12/17/2021,175.586,176.926,182.357,168.149,3770000,-0.75%
12/16/2021,176.904,178.522,189.008,174.478,3940000,-0.90%
12/15/2021,178.506,161.303,182.590,157.183,5550000,10.67%
12/14/2021,161.299,155.259,162.906,149.821,3910000,3.93%
12/13/2021,155.203,172.906,172.951,148.384,4690000,-10.25%
12/12/2021,172.924,172.204,176.854,167.728,1770000,0.70%
12/11/2021,171.728,167.475,173.801,161.587,2800000,2.47%
12/10/2021,167.596,181.267,184.440,167.446,3200000,-7.59%
12/09/2021,181.363,194.624,196.636,178.746,3010000,-6.80%
12/08/2021,194.596,190.226,196.235,184.001,3380000,2.29%
12/07/2021,190.236,193.874,204.025,187.958,3680000,-1.92%
12/06/2021,193.963,196.475,197.646,176.649,4880000,-1.26%
12/05/2021,196.444,201.093,204.309,182.027,4190000,-2.31%
12/04/2021,201.088,211.854,212.584,175.186,6980000,-5.17%
12/03/2021,212.047,233.765,239.426,205.628,4840000,-9.30%
12/02/2021,233.785,229.862,243.069,220.150,4760000,1.72%
12/01/2021,229.829,208.486,232.452,207.999,4500000,10.27%
11/30/2021,208.423,204.139,218.252,199.780,3650000,2.10%
11/29/2021,204.135,200.850,212.787,199.789,2820000,1.63%
11/28/2021,200.854,192.976,201.979,181.285,2670000,4.04%
11/27/2021,193.061,192.184,199.403,190.811,1930000,0.56%
11/26/2021,191.991,210.017,210.417,183.084,4570000,-8.55%
11/25/2021,209.952,205.854,216.366,202.028,2900000,1.98%
11/24/2021,205.877,221.837,222.244,200.225,3120000,-7.21%
11/23/2021,221.885,215.839,226.021,211.232,2650000,2.79%
11/22/2021,215.854,231.410,231.983,211.950,3970000,-6.72%
11/21/2021,231.414,217.824,235.389,210.695,3150000,6.23%
11/20/2021,217.833,215.282,221.152,206.068,2470000,1.19%
11/19/2021,215.274,195.145,219.691,189.571,4450000,10.30%
11/18/2021,195.164,218.932,222.755,187.176,5620000,-10.85%
11/17/2021,218.918,219.048,221.947,210.105,3630000,-0.07%
11/16/2021,219.062,238.213,238.213,214.824,4300000,-8.03%
11/15/2021,238.187,238.679,246.211,234.454,3030000,-0.20%
11/14/2021,238.667,241.659,241.925,230.506,1960000,-1.25%
11/13/2021,241.684,228.551,241.939,225.006,2430000,5.75%
11/12/2021,228.551,233.498,238.996,220.997,3360000,-2.15%
11/11/2021,233.576,233.635,246.427,229.543,3190000,-0.05%
11/10/2021,233.686,239.041,247.956,217.998,4790000,-2.23%
11/09/2021,239.027,248.376,253.164,237.809,3520000,-3.78%
11/08/2021,248.419,249.673,253.269,240.742,3750000,-0.49%
11/07/2021,249.644,258.480,258.581,245.752,2960000,-3.42%
11/06/2021,258.477,236.119,259.861,234.879,4440000,9.46%
11/05/2021,236.147,247.150,248.256,230.598,3430000,-4.45%
11/04/2021,247.144,243.113,250.208,234.909,5460000,1.59%
11/03/2021,243.272,220.764,246.379,216.067,7930000,10.24%
11/02/2021,220.678,203.471,222.222,201.147,4460000,8.47%
11/01/2021,203.454,202.565,211.495,198.093,4780000,0.44%
10/31/2021,202.573,195.806,204.991,185.688,3640000,3.45%
10/30/2021,195.813,200.262,200.489,187.531,2500000,-2.20%
10/29/2021,200.224,194.795,204.975,194.684,3750000,2.86%
10/28/2021,194.659,184.451,201.385,181.906,5360000,5.57%
10/27/2021,184.397,199.866,205.465,178.226,7410000,-7.68%
10/26/2021,199.744,209.714,213.993,196.706,4860000,-4.75%
10/25/2021,209.698,202.259,218.939,198.189,6890000,3.61%
10/24/2021,202.394,197.765,204.825,185.385,5120000,2.34%
10/23/2021,197.776,196.267,205.692,192.486,4620000,0.82%
10/22/2021,196.174,190.428,214.972,188.115,11750000,3.02%
10/21/2021,190.429,176.805,193.871,176.805,11010000,7.70%
10/20/2021,176.810,155.857,176.810,155.210,5430000,13.44%
10/19/2021,155.857,157.189,159.393,153.148,2520000,-0.87%
10/18/2021,157.217,160.097,162.920,155.015,3010000,-1.79%
10/17/2021,160.077,157.416,167.492,153.364,4000000,1.70%
10/16/2021,157.403,163.157,164.702,156.736,2650000,-3.53%
10/15/2021,163.171,150.020,165.347,146.991,7130000,8.79%
10/14/2021,149.980,148.056,155.501,147.308,3800000,1.25%
10/13/2021,148.125,152.496,155.406,144.419,3930000,-2.88%
10/12/2021,152.518,144.858,153.403,137.730,5650000,5.27%
10/11/2021,144.889,147.698,153.983,140.464,3590000,-1.93%
10/10/2021,147.738,156.778,158.478,145.953,2910000,-5.75%
10/09/2021,156.755,158.631,161.410,154.685,2870000,-1.16%
10/08/2021,158.589,154.215,168.790,152.576,5410000,2.84%
10/07/2021,154.209,153.883,161.162,150.530,4960000,0.20%
10/06/2021,153.895,164.617,165.357,150.266,6640000,-6.51%
10/05/2021,164.619,167.121,170.109,160.188,4880000,-1.49%
10/04/2021,167.116,173.021,173.021,162.503,5750000,-3.26%
10/03/2021,172.745,169.074,177.359,165.891,5560000,2.17%
10/02/2021,169.080,161.623,174.889,156.773,6760000,4.61%
10/01/2021,161.623,141.366,164.871,138.352,8960000,14.33%
09/30/2021,141.360,135.294,142.798,134.131,4830000,4.49%
09/29/2021,135.283,132.222,140.002,131.232,5310000,2.41%
09/28/2021,132.104,136.372,139.386,128.210,5250000,-3.13%
09/27/2021,136.374,135.724,148.787,133.766,6920000,0.46%
09/26/2021,135.753,136.075,140.609,124.982,5830000,-0.25%
09/25/2021,136.086,139.257,143.961,133.589,4380000,-2.28%
09/24/2021,139.268,149.945,151.009,128.404,9670000,-7.07%
09/23/2021,149.870,148.013,152.310,143.083,7400000,1.23%
09/22/2021,148.048,123.967,151.446,122.272,12060000,19.51%
09/21/2021,123.881,132.701,144.496,116.135,14260000,-6.51%
09/20/2021,132.502,152.742,153.305,131.023,14720000,-13.23%
09/19/2021,152.704,169.289,170.852,150.914,7320000,-9.86%
09/18/2021,169.399,147.447,171.309,144.269,12190000,14.91%
09/17/2021,147.416,152.215,153.253,134.717,11390000,-3.15%
09/16/2021,152.211,158.648,163.008,147.493,6800000,-4.04%
09/15/2021,158.619,158.507,166.246,154.057,8720000,0.39%
09/14/2021,158.000,169.470,171.540,143.200,12220000,-6.77%
09/13/2021,169.470,174.370,175.000,150.540,12520000,-2.81%
09/12/2021,174.370,178.350,181.500,170.810,,-2.23%
09/11/2021,178.350,179.150,192.930,175.551,,-0.45%
09/10/2021,179.150,192.100,197.100,170.000,,-6.74%
09/09/2021,192.100,190.690,215.511,182.000,,0.74%
09/08/2021,190.690,173.030,198.040,146.530,,10.21%
09/07/2021,173.030,164.590,195.000,130.000,,5.40%
09/06/2021,164.170,142.130,165.859,137.390,,15.51%
09/05/2021,142.130,139.090,145.140,135.140,,2.19%
09/04/2021,139.090,146.140,150.670,136.120,,-4.82%
09/03/2021,146.140,128.071,148.890,128.071,,14.11%
09/02/2021,128.071,111.060,131.800,109.670,,15.32%
09/01/2021,111.060,108.320,119.500,106.180,,2.53%
08/31/2021,108.320,110.241,130.030,103.580,,-1.74%
08/30/2021,110.241,94.200,116.250,93.800,,17.03%
08/29/2021,94.200,96.720,97.840,90.623,,-2.61%
08/28/2021,96.720,87.970,97.710,85.731,,9.95%
08/27/2021,87.970,75.169,88.760,73.179,,17.03%
08/26/2021,75.169,72.056,78.051,66.372,,4.32%
08/25/2021,72.056,70.671,72.535,66.350,,1.96%
08/24/2021,70.671,75.553,79.343,68.486,,-6.46%
08/23/2021,75.553,72.846,77.846,71.719,,3.72%
08/22/2021,72.846,73.907,77.507,71.540,,-1.44%
08/21/2021,73.907,78.714,81.953,72.715,,-6.11%
08/20/2021,78.714,72.700,79.900,70.987,,8.27%
08/19/2021,72.700,72.578,75.307,68.771,,0.17%
08/18/2021,72.578,64.000,80.483,60.019,,13.40%
08/17/2021,64.000,62.137,100.000,59.998,,3.00%
08/16/2021,62.137,53.714,68.743,52.451,,15.68%
08/15/2021,53.714,44.043,54.590,43.462,,21.96%
08/14/2021,44.043,44.821,44.821,42.828,,-1.74%
08/13/2021,44.821,41.100,44.821,40.785,,9.05%
08/12/2021,41.100,41.792,43.323,39.433,,-1.66%
08/11/2021,41.792,40.596,43.631,40.596,,2.95%
08/10/2021,40.596,38.722,41.686,38.278,,4.84%
08/09/2021,38.722,37.668,39.925,36.304,,2.80%
08/08/2021,37.668,39.426,39.494,36.972,,-4.46%
08/07/2021,39.426,39.497,40.405,37.633,,-0.18%
08/06/2021,39.497,37.408,40.362,35.750,,5.58%
08/05/2021,37.408,35.706,38.169,35.596,,4.77%
08/04/2021,35.706,33.960,36.600,33.326,,5.14%
08/03/2021,33.960,33.169,35.762,32.200,,2.38%
08/02/2021,33.169,34.276,35.837,33.098,,-3.23%
08/01/2021,34.276,36.709,36.752,33.500,,-6.63%
07/31/2021,36.709,32.356,36.796,31.800,,13.45%
07/30/2021,32.356,31.268,33.009,30.086,,3.48%
07/29/2021,31.268,27.857,31.912,27.374,,12.24%
07/28/2021,27.857,28.018,28.620,27.500,,-0.57%
07/27/2021,28.018,28.251,28.886,27.000,,-0.82%
07/26/2021,28.251,28.133,31.039,27.952,,0.42%
07/25/2021,28.133,27.868,28.133,26.595,,-2.04%
07/24/2021,28.720,28.470,29.400,28.328,,0.88%
07/23/2021,28.470,27.748,28.655,26.420,,2.60%
07/22/2021,27.748,26.641,28.050,26.003,,4.16%
07/21/2021,26.641,23.482,27.353,22.846,,13.45%
07/20/2021,23.482,24.495,24.912,22.230,,-4.14%
07/19/2021,24.495,26.726,26.726,24.059,,-8.35%
07/18/2021,26.726,26.715,27.725,26.340,,0.04%
07/17/2021,26.715,26.307,27.745,26.035,,1.55%
07/16/2021,26.307,28.456,29.401,26.274,,-7.55%
07/15/2021,28.456,31.259,31.426,28.080,,-8.97%
07/14/2021,31.259,29.052,31.393,27.513,,7.60%
07/13/2021,29.052,30.880,30.995,29.000,,-5.92%
07/12/2021,30.880,32.115,32.600,30.102,,-3.85%
07/11/2021,32.115,31.730,32.454,31.464,,1.21%
07/10/2021,31.730,33.364,34.192,31.100,,-4.90%
07/09/2021,33.364,33.258,34.381,32.287,,1.40%
07/08/2021,32.902,36.537,36.772,32.864,,-9.95%
07/07/2021,36.537,34.196,37.904,34.196,,8.60%
07/06/2021,33.643,32.966,34.443,32.966,,2.05%
07/05/2021,32.966,34.360,34.360,32.594,,-4.06%
07/04/2021,34.360,35.055,35.295,34.299,,-1.27%
07/03/2021,34.801,34.000,35.261,33.357,,2.36%
07/02/2021,34.000,33.375,34.000,31.655,,1.87%
07/01/2021,33.375,35.536,36.115,32.000,,-6.08%
06/30/2021,35.536,33.885,35.861,31.315,,4.87%
06/29/2021,33.885,32.990,35.500,32.834,,2.71%
06/28/2021,32.990,31.821,33.745,31.155,,3.67%
06/27/2021,31.821,29.554,31.821,29.428,,7.67%
06/26/2021,29.554,28.797,29.878,26.998,,2.63%
06/25/2021,28.797,31.245,32.684,28.530,,-7.83%
06/24/2021,31.245,30.855,32.446,28.678,,1.26%
06/23/2021,30.855,26.685,32.090,26.042,,15.63%
06/22/2021,26.685,26.601,28.233,20.472,,0.32%
06/21/2021,26.601,35.320,35.799,26.080,,-24.69%
06/20/2021,35.320,35.283,35.701,31.500,,0.10%
06/19/2021,35.283,36.650,37.062,35.097,,-3.73%
06/18/2021,36.650,38.824,39.216,35.515,,-6.98%
06/17/2021,39.400,39.334,41.317,38.472,,0.17%
06/16/2021,39.334,39.592,40.925,37.780,,-0.65%
06/15/2021,39.592,39.703,41.339,39.554,,-0.28%
06/14/2021,39.703,38.806,40.168,36.931,,2.31%
06/13/2021,38.806,36.402,39.180,35.316,,6.60%
06/12/2021,36.402,36.012,37.500,34.453,,1.08%
06/11/2021,36.012,41.124,41.124,35.500,,-12.43%
06/10/2021,41.124,42.041,42.901,39.869,,-2.18%
06/09/2021,42.041,41.340,43.864,39.668,,1.70%
06/08/2021,41.340,38.272,42.287,33.824,,8.02%
06/07/2021,38.272,42.209,43.910,38.272,,-9.33%
06/06/2021,42.209,39.559,43.208,39.092,,6.70%
06/05/2021,39.559,37.435,42.252,37.435,,5.67%
06/04/2021,37.435,39.461,39.461,34.661,,-5.13%
06/03/2021,39.461,34.009,40.993,34.009,,16.03%
06/02/2021,34.009,31.002,34.486,30.552,,9.70%
06/01/2021,31.002,32.724,32.741,30.246,,-5.26%
05/31/2021,32.724,28.519,32.812,27.000,,14.74%
05/30/2021,28.519,26.900,29.485,25.825,,6.02%
05/29/2021,26.900,29.087,29.677,25.873,,-7.52%
05/28/2021,29.087,33.517,34.075,28.513,,-13.22%
05/27/2021,33.517,35.500,35.500,31.526,,-5.59%
05/26/2021,35.500,29.944,36.311,29.450,,18.55%
05/25/2021,29.944,30.637,32.604,26.383,,-2.26%
05/24/2021,30.637,24.611,32.080,24.611,,24.48%
05/23/2021,24.611,23.700,25.854,19.800,,-21.30%
05/22/2021,31.272,38.667,38.667,31.272,513900,-19.12%
05/21/2021,38.667,44.748,44.748,38.667,312460,-13.59%
05/20/2021,44.748,35.698,44.748,35.698,320880,25.35%
05/19/2021,35.698,56.083,56.083,35.698,328540,-36.35%
05/18/2021,56.083,46.837,56.083,46.837,303010,19.74%
05/17/2021,46.837,46.980,46.980,46.837,227850,-0.30%
05/16/2021,46.980,43.455,46.980,43.455,85000,8.11%
05/15/2021,43.455,42.781,43.455,42.781,363070,1.58%
05/14/2021,42.781,40.233,42.781,40.233,129820,6.33%
05/13/2021,40.233,43.017,44.490,40.233,115240,-6.47%
05/12/2021,43.017,44.622,47.534,43.017,276940,-3.60%
05/11/2021,44.622,42.829,44.622,40.555,287060,4.19%
05/10/2021,42.829,44.304,44.304,42.829,297730,-3.33%
05/09/2021,44.304,45.674,45.674,44.304,301310,-3.00%
05/08/2021,45.674,43.001,45.674,43.001,267700,6.21%
05/07/2021,43.001,43.446,43.446,43.001,284870,-1.02%
05/06/2021,43.446,44.883,44.883,43.446,276990,-3.20%
05/05/2021,44.883,42.705,44.883,42.705,285330,5.10%
05/04/2021,42.705,45.904,45.904,42.705,280590,-6.97%
05/03/2021,45.904,46.913,46.913,45.904,297970,-2.15%
05/02/2021,46.913,49.610,49.610,46.913,306790,-5.44%
05/01/2021,49.610,42.967,49.610,42.967,295740,16.49%
04/30/2021,42.586,42.614,42.614,42.586,,-0.12%
04/29/2021,42.637,44.970,45.365,41.762,,-5.19%
04/28/2021,44.970,43.253,46.245,41.448,,3.97%
04/27/2021,43.253,44.500,46.167,42.830,,-2.80%
04/26/2021,44.500,47.466,48.360,43.504,,-6.25%
04/25/2021,47.466,40.849,48.085,40.000,,16.20%
04/24/2021,40.849,36.006,42.060,35.135,,13.45%
04/23/2021,36.006,39.015,41.000,31.000,,-7.71%
04/22/2021,39.015,32.536,40.262,32.536,,19.91%
04/21/2021,32.536,31.752,34.819,30.549,,2.47%
04/20/2021,31.752,28.800,32.232,26.000,,10.25%
04/19/2021,28.800,28.300,35.497,28.300,,1.77%
04/18/2021,28.300,25.096,32.980,22.698,,12.77%
04/17/2021,25.096,25.342,26.497,25.096,,-0.97%
04/16/2021,25.342,27.001,27.891,25.096,,-6.15%
04/15/2021,27.001,26.465,27.626,25.400,,2.03%
04/14/2021,26.465,27.750,31.000,24.962,,-4.63%
04/13/2021,27.750,28.547,29.500,25.274,,-2.79%
04/12/2021,28.547,27.812,29.450,27.043,,2.64%
04/11/2021,27.812,26.790,28.471,25.726,,3.81%
04/10/2021,26.790,27.377,27.377,26.046,,-3.37%
04/08/2021,27.723,26.478,29.000,23.500,,4.70%
04/07/2021,26.478,24.971,27.304,23.364,,6.04%
04/06/2021,24.971,22.957,24.994,21.913,,8.77%
04/05/2021,22.957,23.876,24.463,22.906,,-3.85%
04/04/2021,23.876,22.466,25.308,22.278,,6.28%
04/03/2021,22.466,19.749,23.397,19.749,,13.75%
04/02/2021,19.749,19.070,19.749,18.612,,3.56%
04/01/2021,19.070,19.437,20.600,18.660,,-1.89%
03/31/2021,19.437,19.156,19.677,18.534,,1.47%
03/30/2021,19.156,18.878,21.400,18.878,,1.47%
03/29/2021,18.878,18.220,18.909,17.715,,3.61%
03/28/2021,18.220,16.506,24.400,16.347,,10.38%
03/27/2021,16.506,14.750,16.527,14.750,,11.91%
03/26/2021,14.750,12.988,14.750,12.422,,13.56%
03/25/2021,12.988,13.629,13.629,12.679,,-4.70%
03/24/2021,13.629,14.184,15.257,13.628,,-3.98%
03/23/2021,14.193,14.888,15.194,14.193,,-4.67%
03/22/2021,14.888,14.180,16.540,14.180,,5.00%
03/21/2021,14.180,14.270,14.300,13.714,,-0.63%
03/20/2021,14.270,14.287,14.838,14.202,,-0.12%
03/19/2021,14.287,14.328,14.437,14.034,,-0.28%
03/18/2021,14.328,13.990,14.703,13.990,,2.41%
03/17/2021,13.990,13.805,14.200,13.367,,1.34%
03/16/2021,13.805,14.280,14.280,13.300,,-3.33%
03/15/2021,14.280,14.555,14.700,13.808,,-1.89%
03/14/2021,14.555,15.370,15.370,14.380,,-5.31%
03/13/2021,15.370,14.552,15.370,13.896,,5.62%
03/12/2021,14.552,15.987,16.454,14.360,,-8.98%
03/11/2021,15.987,14.235,16.339,13.740,,12.31%
03/10/2021,14.235,14.860,14.860,14.134,,-4.21%
03/09/2021,14.860,13.598,14.973,13.361,,9.29%
03/08/2021,13.598,13.791,13.837,13.072,,-1.40%
03/07/2021,13.791,12.924,13.949,12.717,,6.71%
03/06/2021,12.924,12.572,13.162,11.990,,2.80%
03/05/2021,12.572,13.112,13.112,12.218,,-4.12%
03/04/2021,13.112,14.131,14.142,12.806,,-7.21%
03/03/2021,14.131,13.975,14.562,13.846,,1.12%
03/02/2021,13.974,14.983,15.182,13.522,,-6.73%
03/01/2021,14.983,13.063,15.378,13.063,,14.70%
02/28/2021,13.063,13.215,13.658,11.572,,-1.15%
02/27/2021,13.215,13.576,14.450,13.157,,-2.66%
02/26/2021,13.576,14.000,15.352,13.368,,-3.03%
02/25/2021,14.000,17.167,17.616,14.000,,-18.45%
02/24/2021,17.167,15.089,20.000,14.000,,13.77%
02/23/2021,15.089,14.512,16.110,12.003,,3.97%
02/22/2021,14.512,11.074,14.512,9.780,,31.05%
02/21/2021,11.074,10.005,11.495,10.005,,10.68%
02/20/2021,10.005,11.444,11.444,9.924,,-12.57%
02/19/2021,11.444,8.984,11.499,8.644,,27.38%
02/18/2021,8.984,8.236,9.170,8.236,,9.09%
02/17/2021,8.236,8.300,8.410,7.634,,-0.77%
02/16/2021,8.300,8.846,8.899,8.081,,-6.17%
02/15/2021,8.846,8.735,9.290,7.904,,1.27%
02/14/2021,8.735,8.669,9.116,8.604,,0.76%
02/13/2021,8.669,9.210,9.488,8.669,,-5.87%
02/12/2021,9.210,9.185,9.914,9.080,,0.27%
02/11/2021,9.185,8.950,10.100,8.875,,2.63%
02/10/2021,8.950,7.836,9.060,7.557,,14.21%
02/09/2021,7.836,7.879,8.444,7.654,,-0.54%
02/08/2021,7.879,6.704,8.039,6.498,,17.53%
02/07/2021,6.704,6.120,6.846,5.817,,9.54%
02/06/2021,6.120,6.500,6.890,5.788,,-5.85%
02/05/2021,6.500,6.421,7.077,4.848,,1.25%
02/04/2021,6.420,5.722,6.511,5.610,,12.26%
02/03/2021,5.719,5.257,5.770,5.097,,8.77%
02/02/2021,5.257,4.622,5.335,4.489,,13.75%
02/01/2021,4.622,4.268,4.622,4.128,,8.29%
